,DATE,GEOGRAPHY_CODE,GEOGRAPHY_TYPE,GEOGRAPHY_TYPECODE,COMMTYPE_NAME,OBS_VALUE
0,2001,W02000194,2001 super output areas - middle layer,305,Residents in establishments with limiting long-term illness - medical and care establishments,86
1,2001,W02000194,2001 super output areas - middle layer,305,Residents in establishments with limiting long-term illness - other establishments,41
2,2001,W02000195,2001 super output areas - middle layer,305,All communal establishments,5
3,2001,W02000195,2001 super output areas - middle layer,305,Number of residents by communal establishment type,358
4,2001,W02000195,2001 super output areas - middle layer,305,Medical and care establishments - NHS - Psychiatric hospital / home,0
5,2001,W02000195,2001 super output areas - middle layer,305,Medical and care establishments - NHS - Other hospital home,0
6,2001,W02000195,2001 super output areas - middle layer,305,Medical and care establishments - Local Authority - Children's home,0
7,2001,W02000195,2001 super output areas - middle layer,305,Medical and care establishments - Local Authority - Other,0
8,2001,W02000195,2001 super output areas - middle layer,305,Medical and care establishments - Housing association,0
9,2001,W02000195,2001 super output areas - middle layer,305,Medical and care establishments - Other - Nursing home,80
10,2001,W02000195,2001 super output areas - middle layer,305,Medical and care establishments - Other - Residential care home,0
11,2001,W02000195,2001 super output areas - middle layer,305,Medical and care establishments - Other - Children's home,0
12,2001,W02000195,2001 super output areas - middle layer,305,Medical and care establishments - Other,0
13,2001,W02000195,2001 super output areas - middle layer,305,Other establishments,278
14,2001,W02000195,2001 super output areas - middle layer,305,Residents in establishments with limiting long-term illness - medical and care establishments,72
15,2001,W02000195,2001 super output areas - middle layer,305,Residents in establishments with limiting long-term illness - other establishments,13
16,2001,W02000196,2001 super output areas - middle layer,305,All communal establishments,7
17,2001,W02000196,2001 super output areas - middle layer,305,Number of residents by communal establishment type,70
18,2001,W02000196,2001 super output areas - middle layer,305,Medical and care establishments - NHS - Psychiatric hospital / home,0
19,2001,W02000196,2001 super output areas - middle layer,305,Medical and care establishments - NHS - Other hospital home,0
20,2001,W02000196,2001 super output areas - middle layer,305,Medical and care establishments - Local Authority - Children's home,0
21,2001,W02000196,2001 super output areas - middle layer,305,Medical and care establishments - Local Authority - Other,17
22,2001,W02000196,2001 super output areas - middle layer,305,Medical and care establishments - Housing association,0
23,2001,W02000196,2001 super output areas - middle layer,305,Medical and care establishments - Other - Nursing home,53
24,2001,W02000196,2001 super output areas - middle layer,305,Medical and care establishments - Other - Residential care home,0
25,2001,W02000196,2001 super output areas - middle layer,305,Medical and care establishments - Other - Children's home,0
26,2001,W02000196,2001 super output areas - middle layer,305,Medical and care establishments - Other,0
27,2001,W02000196,2001 super output areas - middle layer,305,Other establishments,0
28,2001,W02000196,2001 super output areas - middle layer,305,Residents in establishments with limiting long-term illness - medical and care establishments,66
29,2001,W02000196,2001 super output areas - middle layer,305,Residents in establishments with limiting long-term illness - other establishments,0
30,2001,W02000197,2001 super output areas - middle layer,305,All communal establishments,12
31,2001,W02000197,2001 super output areas - middle layer,305,Number of residents by communal establishment type,71
32,2001,W02000197,2001 super output areas - middle layer,305,Medical and care establishments - NHS - Psychiatric hospital / home,0
33,2001,W02000197,2001 super output areas - middle layer,305,Medical and care establishments - NHS - Other hospital home,0
34,2001,W02000197,2001 super output areas - middle layer,305,Medical and care establishments - Local Authority - Children's home,0
35,2001,W02000197,2001 super output areas - middle layer,305,Medical and care establishments - Local Authority - Other,0
36,2001,W02000197,2001 super output areas - middle layer,305,Medical and care establishments - Housing association,0
37,2001,W02000197,2001 super output areas - middle layer,305,Medical and care establishments - Other - Nursing home,46
38,2001,W02000197,2001 super output areas - middle layer,305,Medical and care establishments - Other - Residential care home,22
39,2001,W02000197,2001 super output areas - middle layer,305,Medical and care establishments - Other - Children's home,0
40,2001,W02000197,2001 super output areas - middle layer,305,Medical and care establishments - Other,0
41,2001,W02000197,2001 super output areas - middle layer,305,Other establishments,3
42,2001,W02000197,2001 super output areas - middle layer,305,Residents in establishments with limiting long-term illness - medical and care establishments,68
43,2001,W02000197,2001 super output areas - middle layer,305,Residents in establishments with limiting long-term illness - other establishments,0
44,2001,W02000198,2001 super output areas - middle layer,305,All communal establishments,13
45,2001,W02000198,2001 super output areas - middle layer,305,Number of residents by communal establishment type,127
46,2001,W02000198,2001 super output areas - middle layer,305,Medical and care establishments - NHS - Psychiatric hospital / home,0
47,2001,W02000198,2001 super output areas - middle layer,305,Medical and care establishments - NHS - Other hospital home,0
48,2001,W02000198,2001 super output areas - middle layer,305,Medical and care establishments - Local Authority - Children's home,0
49,2001,W02000198,2001 super output areas - middle layer,305,Medical and care establishments - Local Authority - Other,0
50,2001,W02000198,2001 super output areas - middle layer,305,Medical and care establishments - Housing association,0
51,2001,W02000198,2001 super output areas - middle layer,305,Medical and care establishments - Other - Nursing home,90
52,2001,W02000198,2001 super output areas - middle layer,305,Medical and care establishments - Other - Residential care home,34
53,2001,W02000198,2001 super output areas - middle layer,305,Medical and care establishments - Other - Children's home,0
54,2001,W02000198,2001 super output areas - middle layer,305,Medical and care establishments - Other,0
55,2001,W02000198,2001 super output areas - middle layer,305,Other establishments,3
56,2001,W02000198,2001 super output areas - middle layer,305,Residents in establishments with limiting long-term illness - medical and care establishments,123
57,2001,W02000198,2001 super output areas - middle layer,305,Residents in establishments with limiting long-term illness - other establishments,0
58,2001,W02000323,2001 super output areas - middle layer,305,All communal establishments,3
59,2001,W02000323,2001 super output areas - middle layer,305,Number of residents by communal establishment type,55
60,2001,W02000323,2001 super output areas - middle layer,305,Medical and care establishments - NHS - Psychiatric hospital / home,0
61,2001,W02000323,2001 super output areas - middle layer,305,Medical and care establishments - NHS - Other hospital home,9
62,2001,W02000323,2001 super output areas - middle layer,305,Medical and care establishments - Local Authority - Children's home,0
63,2001,W02000323,2001 super output areas - middle layer,305,Medical and care establishments - Local Authority - Other,27
64,2001,W02000323,2001 super output areas - middle layer,305,Medical and care establishments - Housing association,0
65,2001,W02000323,2001 super output areas - middle layer,305,Medical and care establishments - Other - Nursing home,19
66,2001,W02000323,2001 super output areas - middle layer,305,Medical and care establishments - Other - Residential care home,0
67,2001,W02000323,2001 super output areas - middle layer,305,Medical and care establishments - Other - Children's home,0
68,2001,W02000323,2001 super output areas - middle layer,305,Medical and care establishments - Other,0
69,2001,W02000323,2001 super output areas - middle layer,305,Other establishments,0
70,2001,W02000323,2001 super output areas - middle layer,305,Residents in establishments with limiting long-term illness - medical and care establishments,54
71,2001,W02000323,2001 super output areas - middle layer,305,Residents in establishments with limiting long-term illness - other establishments,0
72,2001,W02000324,2001 super output areas - middle layer,305,All communal establishments,6
73,2001,W02000324,2001 super output areas - middle layer,305,Number of residents by communal establishment type,44
74,2001,W02000324,2001 super output areas - middle layer,305,Medical and care establishments - NHS - Psychiatric hospital / home,0
75,2001,W02000324,2001 super output areas - middle layer,305,Medical and care establishments - NHS - Other hospital home,0
76,2001,W02000324,2001 super output areas - middle layer,305,Medical and care establishments - Local Authority - Children's home,0
77,2001,W02000324,2001 super output areas - middle layer,305,Medical and care establishments - Local Authority - Other,0
78,2001,W02000324,2001 super output areas - middle layer,305,Medical and care establishments - Housing association,0
79,2001,W02000324,2001 super output areas - middle layer,305,Medical and care establishments - Other - Nursing home,0
80,2001,W02000324,2001 super output areas - middle layer,305,Medical and care establishments - Other - Residential care home,22
81,2001,W02000324,2001 super output areas - middle layer,305,Medical and care establishments - Other - Children's home,0
82,2001,W02000324,2001 super output areas - middle layer,305,Medical and care establishments - Other,0
83,2001,W02000324,2001 super output areas - middle layer,305,Other establishments,22
84,2001,W02000324,2001 super output areas - middle layer,305,Residents in establishments with limiting long-term illness - medical and care establishments,22
85,2001,W02000324,2001 super output areas - middle layer,305,Residents in establishments with limiting long-term illness - other establishments,19
86,2001,W02000325,2001 super output areas - middle layer,305,All communal establishments,4
87,2001,W02000325,2001 super output areas - middle layer,305,Number of residents by communal establishment type,22
88,2001,W02000325,2001 super output areas - middle layer,305,Medical and care establishments - NHS - Psychiatric hospital / home,0
89,2001,W02000325,2001 super output areas - middle layer,305,Medical and care establishments - NHS - Other hospital home,0
90,2001,W02000325,2001 super output areas - middle layer,305,Medical and care establishments - Local Authority - Children's home,0
91,2001,W02000325,2001 super output areas - middle layer,305,Medical and care establishments - Local Authority - Other,0
92,2001,W02000325,2001 super output areas - middle layer,305,Medical and care establishments - Housing association,0
93,2001,W02000325,2001 super output areas - middle layer,305,Medical and care establishments - Other - Nursing home,10
94,2001,W02000325,2001 super output areas - middle layer,305,Medical and care establishments - Other - Residential care home,9
95,2001,W02000325,2001 super output areas - middle layer,305,Medical and care establishments - Other - Children's home,0
96,2001,W02000325,2001 super output areas - middle layer,305,Medical and care establishments - Other,0
97,2001,W02000325,2001 super output areas - middle layer,305,Other establishments,3
98,2001,W02000325,2001 super output areas - middle layer,305,Residents in establishments with limiting long-term illness - medical and care establishments,19
99,2001,W02000325,2001 super output areas - middle layer,305,Residents in establishments with limiting long-term illness - other establishments,3
100,2001,W02000326,2001 super output areas - middle layer,305,All communal establishments,4
101,2001,W02000326,2001 super output areas - middle layer,305,Number of residents by communal establishment type,68
102,2001,W02000326,2001 super output areas - middle layer,305,Medical and care establishments - NHS - Psychiatric hospital / home,0
103,2001,W02000326,2001 super output areas - middle layer,305,Medical and care establishments - NHS - Other hospital home,0
104,2001,W02000326,2001 super output areas - middle layer,305,Medical and care establishments - Local Authority - Children's home,0
105,2001,W02000326,2001 super output areas - middle layer,305,Medical and care establishments - Local Authority - Other,30
106,2001,W02000326,2001 super output areas - middle layer,305,Medical and care establishments - Housing association,0
107,2001,W02000326,2001 super output areas - middle layer,305,Medical and care establishments - Other - Nursing home,0
108,2001,W02000326,2001 super output areas - middle layer,305,Medical and care establishments - Other - Residential care home,38
109,2001,W02000326,2001 super output areas - middle layer,305,Medical and care establishments - Other - Children's home,0
110,2001,W02000326,2001 super output areas - middle layer,305,Medical and care establishments - Other,0
111,2001,W02000326,2001 super output areas - middle layer,305,Other establishments,0
112,2001,W02000326,2001 super output areas - middle layer,305,Residents in establishments with limiting long-term illness - medical and care establishments,65
113,2001,W02000326,2001 super output areas - middle layer,305,Residents in establishments with limiting long-term illness - other establishments,0
114,2001,W02000327,2001 super output areas - middle layer,305,All communal establishments,0
115,2001,W02000327,2001 super output areas - middle layer,305,Number of residents by communal establishment type,25
116,2001,W02000327,2001 super output areas - middle layer,305,Medical and care establishments - NHS - Psychiatric hospital / home,0
117,2001,W02000327,2001 super output areas - middle layer,305,Medical and care establishments - NHS - Other hospital home,0
118,2001,W02000327,2001 super output areas - middle layer,305,Medical and care establishments - Local Authority - Children's home,0
119,2001,W02000327,2001 super output areas - middle layer,305,Medical and care establishments - Local Authority - Other,0
120,2001,W02000327,2001 super output areas - middle layer,305,Medical and care establishments - Housing association,0
121,2001,W02000327,2001 super output areas - middle layer,305,Medical and care establishments - Other - Nursing home,25
122,2001,W02000327,2001 super output areas - middle layer,305,Medical and care establishments - Other - Residential care home,0
123,2001,W02000327,2001 super output areas - middle layer,305,Medical and care establishments - Other - Children's home,0
124,2001,W02000327,2001 super output areas - middle layer,305,Medical and care establishments - Other,0
125,2001,W02000327,2001 super output areas - middle layer,305,Other establishments,0
126,2001,W02000327,2001 super output areas - middle layer,305,Residents in establishments with limiting long-term illness - medical and care establishments,25
127,2001,W02000327,2001 super output areas - middle layer,305,Residents in establishments with limiting long-term illness - other establishments,0
128,2001,W02000328,2001 super output areas - middle layer,305,All communal establishments,5
129,2001,W02000328,2001 super output areas - middle layer,305,Number of residents by communal establishment type,150
130,2001,W02000328,2001 super output areas - middle layer,305,Medical and care establishments - NHS - Psychiatric hospital / home,0
131,2001,W02000328,2001 super output areas - middle layer,305,Medical and care establishments - NHS - Other hospital home,26
132,2001,W02000328,2001 super output areas - middle layer,305,Medical and care establishments - Local Authority - Children's home,0
133,2001,W02000328,2001 super output areas - middle layer,305,Medical and care establishments - Local Authority - Other,0
134,2001,W02000328,2001 super output areas - middle layer,305,Medical and care establishments - Housing association,24
135,2001,W02000328,2001 super output areas - middle layer,305,Medical and care establishments - Other - Nursing home,100
136,2001,W02000328,2001 super output areas - middle layer,305,Medical and care establishments - Other - Residential care home,0
137,2001,W02000328,2001 super output areas - middle layer,305,Medical and care establishments - Other - Children's home,0
138,2001,W02000328,2001 super output areas - middle layer,305,Medical and care establishments - Other,0
139,2001,W02000328,2001 super output areas - middle layer,305,Other establishments,0
140,2001,W02000328,2001 super output areas - middle layer,305,Residents in establishments with limiting long-term illness - medical and care establishments,147
141,2001,W02000328,2001 super output areas - middle layer,305,Residents in establishments with limiting long-term illness - other establishments,0
142,2001,W02000329,2001 super output areas - middle layer,305,All communal establishments,3
143,2001,W02000329,2001 super output areas - middle layer,305,Number of residents by communal establishment type,16
144,2001,W02000329,2001 super output areas - middle layer,305,Medical and care establishments - NHS - Psychiatric hospital / home,0
145,2001,W02000329,2001 super output areas - middle layer,305,Medical and care establishments - NHS - Other hospital home,0
146,2001,W02000329,2001 super output areas - middle layer,305,Medical and care establishments - Local Authority - Children's home,0
147,2001,W02000329,2001 super output areas - middle layer,305,Medical and care establishments - Local Authority - Other,0
148,2001,W02000329,2001 super output areas - middle layer,305,Medical and care establishments - Housing association,0
149,2001,W02000329,2001 super output areas - middle layer,305,Medical and care establishments - Other - Nursing home,0
150,2001,W02000329,2001 super output areas - middle layer,305,Medical and care establishments - Other - Residential care home,3
151,2001,W02000329,2001 super output areas - middle layer,305,Medical and care establishments - Other - Children's home,0
152,2001,W02000329,2001 super output areas - middle layer,305,Medical and care establishments - Other,0
153,2001,W02000329,2001 super output areas - middle layer,305,Other establishments,13
154,2001,W02000329,2001 super output areas - middle layer,305,Residents in establishments with limiting long-term illness - medical and care establishments,3
155,2001,W02000329,2001 super output areas - middle layer,305,Residents in establishments with limiting long-term illness - other establishments,13
156,2001,W02000330,2001 super output areas - middle layer,305,All communal establishments,3
157,2001,W02000330,2001 super output areas - middle layer,305,Number of residents by communal establishment type,31
158,2001,W02000330,2001 super output areas - middle layer,305,Medical and care establishments - NHS - Psychiatric hospital / home,0
159,2001,W02000330,2001 super output areas - middle layer,305,Medical and care establishments - NHS - Other hospital home,0
160,2001,W02000330,2001 super output areas - middle layer,305,Medical and care establishments - Local Authority - Children's home,0
161,2001,W02000330,2001 super output areas - middle layer,305,Medical and care establishments - Local Authority - Other,31
162,2001,W02000330,2001 super output areas - middle layer,305,Medical and care establishments - Housing association,0
163,2001,W02000330,2001 super output areas - middle layer,305,Medical and care establishments - Other - Nursing home,0
164,2001,W02000330,2001 super output areas - middle layer,305,Medical and care establishments - Other - Residential care home,0
165,2001,W02000330,2001 super output areas - middle layer,305,Medical and care establishments - Other - Children's home,0
166,2001,W02000330,2001 super output areas - middle layer,305,Medical and care establishments - Other,0
167,2001,W02000330,2001 super output areas - middle layer,305,Other establishments,0
168,2001,W02000330,2001 super output areas - middle layer,305,Residents in establishments with limiting long-term illness - medical and care establishments,13
169,2001,W02000330,2001 super output areas - middle layer,305,Residents in establishments with limiting long-term illness - other establishments,0
170,2001,W02000331,2001 super output areas - middle layer,305,All communal establishments,3
171,2001,W02000331,2001 super output areas - middle layer,305,Number of residents by communal establishment type,25
172,2001,W02000331,2001 super output areas - middle layer,305,Medical and care establishments - NHS - Psychiatric hospital / home,0
173,2001,W02000331,2001 super output areas - middle layer,305,Medical and care establishments - NHS - Other hospital home,0
174,2001,W02000331,2001 super output areas - middle layer,305,Medical and care establishments - Local Authority - Children's home,0
175,2001,W02000331,2001 super output areas - middle layer,305,Medical and care establishments - Local Authority - Other,0
176,2001,W02000331,2001 super output areas - middle layer,305,Medical and care establishments - Housing association,0
177,2001,W02000331,2001 super output areas - middle layer,305,Medical and care establishments - Other - Nursing home,25
178,2001,W02000331,2001 super output areas - middle layer,305,Medical and care establishments - Other - Residential care home,0
179,2001,W02000331,2001 super output areas - middle layer,305,Medical and care establishments - Other - Children's home,0
180,2001,W02000331,2001 super output areas - middle layer,305,Medical and care establishments - Other,0
181,2001,W02000331,2001 super output areas - middle layer,305,Other establishments,0
182,2001,W02000331,2001 super output areas - middle layer,305,Residents in establishments with limiting long-term illness - medical and care establishments,22
183,2001,W02000331,2001 super output areas - middle layer,305,Residents in establishments with limiting long-term illness - other establishments,0
184,2001,W02000332,2001 super output areas - middle layer,305,All communal establishments,4
185,2001,W02000332,2001 super output areas - middle layer,305,Number of residents by communal establishment type,64
186,2001,W02000332,2001 super output areas - middle layer,305,Medical and care establishments - NHS - Psychiatric hospital / home,0
187,2001,W02000332,2001 super output areas - middle layer,305,Medical and care establishments - NHS - Other hospital home,0
188,2001,W02000332,2001 super output areas - middle layer,305,Medical and care establishments - Local Authority - Children's home,0
189,2001,W02000332,2001 super output areas - middle layer,305,Medical and care establishments - Local Authority - Other,0
190,2001,W02000332,2001 super output areas - middle layer,305,Medical and care establishments - Housing association,0
191,2001,W02000332,2001 super output areas - middle layer,305,Medical and care establishments - Other - Nursing home,32
192,2001,W02000332,2001 super output areas - middle layer,305,Medical and care establishments - Other - Residential care home,25
193,2001,W02000332,2001 super output areas - middle layer,305,Medical and care establishments - Other - Children's home,0
194,2001,W02000332,2001 super output areas - middle layer,305,Medical and care establishments - Other,0
195,2001,W02000332,2001 super output areas - middle layer,305,Other establishments,7
196,2001,W02000332,2001 super output areas - middle layer,305,Residents in establishments with limiting long-term illness - medical and care establishments,57
197,2001,W02000332,2001 super output areas - middle layer,305,Residents in establishments with limiting long-term illness - other establishments,6
198,2001,W02000333,2001 super output areas - middle layer,305,All communal establishments,5
199,2001,W02000333,2001 super output areas - middle layer,305,Number of residents by communal establishment type,68
200,2001,W02000333,2001 super output areas - middle layer,305,Medical and care establishments - NHS - Psychiatric hospital / home,0
201,2001,W02000333,2001 super output areas - middle layer,305,Medical and care establishments - NHS - Other hospital home,0
202,2001,W02000333,2001 super output areas - middle layer,305,Medical and care establishments - Local Authority - Children's home,0
203,2001,W02000333,2001 super output areas - middle layer,305,Medical and care establishments - Local Authority - Other,26
204,2001,W02000333,2001 super output areas - middle layer,305,Medical and care establishments - Housing association,0
205,2001,W02000333,2001 super output areas - middle layer,305,Medical and care establishments - Other - Nursing home,0
206,2001,W02000333,2001 super output areas - middle layer,305,Medical and care establishments - Other - Residential care home,42
207,2001,W02000333,2001 super output areas - middle layer,305,Medical and care establishments - Other - Children's home,0
208,2001,W02000333,2001 super output areas - middle layer,305,Medical and care establishments - Other,0
209,2001,W02000333,2001 super output areas - middle layer,305,Other establishments,0
210,2001,W02000333,2001 super output areas - middle layer,305,Residents in establishments with limiting long-term illness - medical and care establishments,65
211,2001,W02000333,2001 super output areas - middle layer,305,Residents in establishments with limiting long-term illness - other establishments,0
212,2001,W02000334,2001 super output areas - middle layer,305,All communal establishments,0
213,2001,W02000334,2001 super output areas - middle layer,305,Number of residents by communal establishment type,0
214,2001,W02000334,2001 super output areas - middle layer,305,Medical and care establishments - NHS - Psychiatric hospital / home,0
215,2001,W02000334,2001 super output areas - middle layer,305,Medical and care establishments - NHS - Other hospital home,0
216,2001,W02000334,2001 super output areas - middle layer,305,Medical and care establishments - Local Authority - Children's home,0
217,2001,W02000334,2001 super output areas - middle layer,305,Medical and care establishments - Local Authority - Other,0
218,2001,W02000334,2001 super output areas - middle layer,305,Medical and care establishments - Housing association,0
219,2001,W02000334,2001 super output areas - middle layer,305,Medical and care establishments - Other - Nursing home,0
220,2001,W02000334,2001 super output areas - middle layer,305,Medical and care establishments - Other - Residential care home,0
221,2001,W02000334,2001 super output areas - middle layer,305,Medical and care establishments - Other - Children's home,0
222,2001,W02000334,2001 super output areas - middle layer,305,Medical and care establishments - Other,0
223,2001,W02000334,2001 super output areas - middle layer,305,Other establishments,0
224,2001,W02000334,2001 super output areas - middle layer,305,Residents in establishments with limiting long-term illness - medical and care establishments,0
225,2001,W02000334,2001 super output areas - middle layer,305,Residents in establishments with limiting long-term illness - other establishments,0
226,2001,W02000335,2001 super output areas - middle layer,305,All communal establishments,7
227,2001,W02000335,2001 super output areas - middle layer,305,Number of residents by communal establishment type,114
228,2001,W02000335,2001 super output areas - middle layer,305,Medical and care establishments - NHS - Psychiatric hospital / home,0
229,2001,W02000335,2001 super output areas - middle layer,305,Medical and care establishments - NHS - Other hospital home,37
230,2001,W02000335,2001 super output areas - middle layer,305,Medical and care establishments - Local Authority - Children's home,0
231,2001,W02000335,2001 super output areas - middle layer,305,Medical and care establishments - Local Authority - Other,0
232,2001,W02000335,2001 super output areas - middle layer,305,Medical and care establishments - Housing association,0
233,2001,W02000335,2001 super output areas - middle layer,305,Medical and care establishments - Other - Nursing home,26
234,2001,W02000335,2001 super output areas - middle layer,305,Medical and care establishments - Other - Residential care home,9
235,2001,W02000335,2001 super output areas - middle layer,305,Medical and care establishments - Other - Children's home,0
236,2001,W02000335,2001 super output areas - middle layer,305,Medical and care establishments - Other,0
237,2001,W02000335,2001 super output areas - middle layer,305,Other establishments,42
238,2001,W02000335,2001 super output areas - middle layer,305,Residents in establishments with limiting long-term illness - medical and care establishments,70
239,2001,W02000335,2001 super output areas - middle layer,305,Residents in establishments with limiting long-term illness - other establishments,20
240,2001,W02000237,2001 super output areas - middle layer,305,All communal establishments,3
241,2001,W02000237,2001 super output areas - middle layer,305,Number of residents by communal establishment type,29
242,2001,W02000237,2001 super output areas - middle layer,305,Medical and care establishments - NHS - Psychiatric hospital / home,0
243,2001,W02000237,2001 super output areas - middle layer,305,Medical and care establishments - NHS - Other hospital home,0
244,2001,W02000237,2001 super output areas - middle layer,305,Medical and care establishments - Local Authority - Children's home,0
245,2001,W02000237,2001 super output areas - middle layer,305,Medical and care establishments - Local Authority - Other,0
246,2001,W02000237,2001 super output areas - middle layer,305,Medical and care establishments - Housing association,0
247,2001,W02000237,2001 super output areas - middle layer,305,Medical and care establishments - Other - Nursing home,0
248,2001,W02000237,2001 super output areas - middle layer,305,Medical and care establishments - Other - Residential care home,29
249,2001,W02000237,2001 super output areas - middle layer,305,Medical and care establishments - Other - Children's home,0
250,2001,W02000237,2001 super output areas - middle layer,305,Medical and care establishments - Other,0
251,2001,W02000237,2001 super output areas - middle layer,305,Other establishments,0
252,2001,W02000237,2001 super output areas - middle layer,305,Residents in establishments with limiting long-term illness - medical and care establishments,29
253,2001,W02000237,2001 super output areas - middle layer,305,Residents in establishments with limiting long-term illness - other establishments,0
254,2001,W02000238,2001 super output areas - middle layer,305,All communal establishments,4
255,2001,W02000238,2001 super output areas - middle layer,305,Number of residents by communal establishment type,59
256,2001,W02000238,2001 super output areas - middle layer,305,Medical and care establishments - NHS - Psychiatric hospital / home,0
257,2001,W02000238,2001 super output areas - middle layer,305,Medical and care establishments - NHS - Other hospital home,0
258,2001,W02000238,2001 super output areas - middle layer,305,Medical and care establishments - Local Authority - Children's home,0
259,2001,W02000238,2001 super output areas - middle layer,305,Medical and care establishments - Local Authority - Other,28
260,2001,W02000238,2001 super output areas - middle layer,305,Medical and care establishments - Housing association,0
261,2001,W02000238,2001 super output areas - middle layer,305,Medical and care establishments - Other - Nursing home,28
262,2001,W02000238,2001 super output areas - middle layer,305,Medical and care establishments - Other - Residential care home,0
263,2001,W02000238,2001 super output areas - middle layer,305,Medical and care establishments - Other - Children's home,0
264,2001,W02000238,2001 super output areas - middle layer,305,Medical and care establishments - Other,0
265,2001,W02000238,2001 super output areas - middle layer,305,Other establishments,3
266,2001,W02000238,2001 super output areas - middle layer,305,Residents in establishments with limiting long-term illness - medical and care establishments,56
267,2001,W02000238,2001 super output areas - middle layer,305,Residents in establishments with limiting long-term illness - other establishments,0
268,2001,W02000239,2001 super output areas - middle layer,305,All communal establishments,3
269,2001,W02000239,2001 super output areas - middle layer,305,Number of residents by communal establishment type,21
270,2001,W02000239,2001 super output areas - middle layer,305,Medical and care establishments - NHS - Psychiatric hospital / home,0
271,2001,W02000239,2001 super output areas - middle layer,305,Medical and care establishments - NHS - Other hospital home,0
272,2001,W02000239,2001 super output areas - middle layer,305,Medical and care establishments - Local Authority - Children's home,0
273,2001,W02000239,2001 super output areas - middle layer,305,Medical and care establishments - Local Authority - Other,0
274,2001,W02000239,2001 super output areas - middle layer,305,Medical and care establishments - Housing association,0
275,2001,W02000239,2001 super output areas - middle layer,305,Medical and care establishments - Other - Nursing home,0
276,2001,W02000239,2001 super output areas - middle layer,305,Medical and care establishments - Other - Residential care home,21
277,2001,W02000239,2001 super output areas - middle layer,305,Medical and care establishments - Other - Children's home,0
278,2001,W02000239,2001 super output areas - middle layer,305,Medical and care establishments - Other,0
279,2001,W02000239,2001 super output areas - middle layer,305,Other establishments,0
280,2001,W02000239,2001 super output areas - middle layer,305,Residents in establishments with limiting long-term illness - medical and care establishments,21
281,2001,W02000239,2001 super output areas - middle layer,305,Residents in establishments with limiting long-term illness - other establishments,0
282,2001,W02000240,2001 super output areas - middle layer,305,All communal establishments,3
283,2001,W02000240,2001 super output areas - middle layer,305,Number of residents by communal establishment type,50
284,2001,W02000240,2001 super output areas - middle layer,305,Medical and care establishments - NHS - Psychiatric hospital / home,0
285,2001,W02000240,2001 super output areas - middle layer,305,Medical and care establishments - NHS - Other hospital home,0
286,2001,W02000240,2001 super output areas - middle layer,305,Medical and care establishments - Local Authority - Children's home,0
287,2001,W02000240,2001 super output areas - middle layer,305,Medical and care establishments - Local Authority - Other,0
288,2001,W02000240,2001 super output areas - middle layer,305,Medical and care establishments - Housing association,27
289,2001,W02000240,2001 super output areas - middle layer,305,Medical and care establishments - Other - Nursing home,23
290,2001,W02000240,2001 super output areas - middle layer,305,Medical and care establishments - Other - Residential care home,0
291,2001,W02000240,2001 super output areas - middle layer,305,Medical and care establishments - Other - Children's home,0
292,2001,W02000240,2001 super output areas - middle layer,305,Medical and care establishments - Other,0
293,2001,W02000240,2001 super output areas - middle layer,305,Other establishments,0
294,2001,W02000240,2001 super output areas - middle layer,305,Residents in establishments with limiting long-term illness - medical and care establishments,23
295,2001,W02000240,2001 super output areas - middle layer,305,Residents in establishments with limiting long-term illness - other establishments,0
296,2001,W02000241,2001 super output areas - middle layer,305,All communal establishments,16
297,2001,W02000241,2001 super output areas - middle layer,305,Number of residents by communal establishment type,344
298,2001,W02000241,2001 super output areas - middle layer,305,Medical and care establishments - NHS - Psychiatric hospital / home,0
299,2001,W02000241,2001 super output areas - middle layer,305,Medical and care establishments - NHS - Other hospital home,0
300,2001,W02000241,2001 super output areas - middle layer,305,Medical and care establishments - Local Authority - Children's home,0
301,2001,W02000241,2001 super output areas - middle layer,305,Medical and care establishments - Local Authority - Other,35
302,2001,W02000241,2001 super output areas - middle layer,305,Medical and care establishments - Housing association,0
303,2001,W02000241,2001 super output areas - middle layer,305,Medical and care establishments - Other - Nursing home,181
304,2001,W02000241,2001 super output areas - middle layer,305,Medical and care establishments - Other - Residential care home,128
305,2001,W02000241,2001 super output areas - middle layer,305,Medical and care establishments - Other - Children's home,0
306,2001,W02000241,2001 super output areas - middle layer,305,Medical and care establishments - Other,0
307,2001,W02000241,2001 super output areas - middle layer,305,Other establishments,0
308,2001,W02000241,2001 super output areas - middle layer,305,Residents in establishments with limiting long-term illness - medical and care establishments,332
309,2001,W02000241,2001 super output areas - middle layer,305,Residents in establishments with limiting long-term illness - other establishments,0
310,2001,W02000242,2001 super output areas - middle layer,305,All communal establishments,3
311,2001,W02000242,2001 super output areas - middle layer,305,Number of residents by communal establishment type,44
312,2001,W02000242,2001 super output areas - middle layer,305,Medical and care establishments - NHS - Psychiatric hospital / home,0
313,2001,W02000242,2001 super output areas - middle layer,305,Medical and care establishments - NHS - Other hospital home,0
314,2001,W02000242,2001 super output areas - middle layer,305,Medical and care establishments - Local Authority - Children's home,0
315,2001,W02000242,2001 super output areas - middle layer,305,Medical and care establishments - Local Authority - Other,17
316,2001,W02000242,2001 super output areas - middle layer,305,Medical and care establishments - Housing association,0
317,2001,W02000242,2001 super output areas - middle layer,305,Medical and care establishments - Other - Nursing home,0
318,2001,W02000242,2001 super output areas - middle layer,305,Medical and care establishments - Other - Residential care home,27
319,2001,W02000242,2001 super output areas - middle layer,305,Medical and care establishments - Other - Children's home,0
320,2001,W02000242,2001 super output areas - middle layer,305,Medical and care establishments - Other,0
321,2001,W02000242,2001 super output areas - middle layer,305,Other establishments,0
322,2001,W02000242,2001 super output areas - middle layer,305,Residents in establishments with limiting long-term illness - medical and care establishments,31
323,2001,W02000242,2001 super output areas - middle layer,305,Residents in establishments with limiting long-term illness - other establishments,0
324,2001,W02000243,2001 super output areas - middle layer,305,All communal establishments,3
325,2001,W02000243,2001 super output areas - middle layer,305,Number of residents by communal establishment type,29
326,2001,W02000243,2001 super output areas - middle layer,305,Medical and care establishments - NHS - Psychiatric hospital / home,0
327,2001,W02000243,2001 super output areas - middle layer,305,Medical and care establishments - NHS - Other hospital home,18
328,2001,W02000243,2001 super output areas - middle layer,305,Medical and care establishments - Local Authority - Children's home,0
329,2001,W02000243,2001 super output areas - middle layer,305,Medical and care establishments - Local Authority - Other,0
330,2001,W02000243,2001 super output areas - middle layer,305,Medical and care establishments - Housing association,11
331,2001,W02000243,2001 super output areas - middle layer,305,Medical and care establishments - Other - Nursing home,0
332,2001,W02000243,2001 super output areas - middle layer,305,Medical and care establishments - Other - Residential care home,0
333,2001,W02000243,2001 super output areas - middle layer,305,Medical and care establishments - Other - Children's home,0
334,2001,W02000243,2001 super output areas - middle layer,305,Medical and care establishments - Other,0
335,2001,W02000243,2001 super output areas - middle layer,305,Other establishments,0
336,2001,W02000243,2001 super output areas - middle layer,305,Residents in establishments with limiting long-term illness - medical and care establishments,28
337,2001,W02000243,2001 super output areas - middle layer,305,Residents in establishments with limiting long-term illness - other establishments,0
338,2001,W02000244,2001 super output areas - middle layer,305,All communal establishments,4
339,2001,W02000244,2001 super output areas - middle layer,305,Number of residents by communal establishment type,35
340,2001,W02000244,2001 super output areas - middle layer,305,Medical and care establishments - NHS - Psychiatric hospital / home,0
341,2001,W02000244,2001 super output areas - middle layer,305,Medical and care establishments - NHS - Other hospital home,0
342,2001,W02000244,2001 super output areas - middle layer,305,Medical and care establishments - Local Authority - Children's home,0
343,2001,W02000244,2001 super output areas - middle layer,305,Medical and care establishments - Local Authority - Other,0
344,2001,W02000244,2001 super output areas - middle layer,305,Medical and care establishments - Housing association,0
345,2001,W02000244,2001 super output areas - middle layer,305,Medical and care establishments - Other - Nursing home,0
346,2001,W02000244,2001 super output areas - middle layer,305,Medical and care establishments - Other - Residential care home,32
347,2001,W02000244,2001 super output areas - middle layer,305,Medical and care establishments - Other - Children's home,0
348,2001,W02000244,2001 super output areas - middle layer,305,Medical and care establishments - Other,0
349,2001,W02000244,2001 super output areas - middle layer,305,Other establishments,3
350,2001,W02000244,2001 super output areas - middle layer,305,Residents in establishments with limiting long-term illness - medical and care establishments,32
351,2001,W02000244,2001 super output areas - middle layer,305,Residents in establishments with limiting long-term illness - other establishments,3
352,2001,W02000245,2001 super output areas - middle layer,305,All communal establishments,0
353,2001,W02000245,2001 super output areas - middle layer,305,Number of residents by communal establishment type,0
354,2001,W02000245,2001 super output areas - middle layer,305,Medical and care establishments - NHS - Psychiatric hospital / home,0
355,2001,W02000245,2001 super output areas - middle layer,305,Medical and care establishments - NHS - Other hospital home,0
356,2001,W02000245,2001 super output areas - middle layer,305,Medical and care establishments - Local Authority - Children's home,0
357,2001,W02000245,2001 super output areas - middle layer,305,Medical and care establishments - Local Authority - Other,0
358,2001,W02000245,2001 super output areas - middle layer,305,Medical and care establishments - Housing association,0
359,2001,W02000245,2001 super output areas - middle layer,305,Medical and care establishments - Other - Nursing home,0
360,2001,W02000245,2001 super output areas - middle layer,305,Medical and care establishments - Other - Residential care home,0
361,2001,W02000245,2001 super output areas - middle layer,305,Medical and care establishments - Other - Children's home,0
362,2001,W02000245,2001 super output areas - middle layer,305,Medical and care establishments - Other,0
363,2001,W02000245,2001 super output areas - middle layer,305,Other establishments,0
364,2001,W02000245,2001 super output areas - middle layer,305,Residents in establishments with limiting long-term illness - medical and care establishments,0
365,2001,W02000245,2001 super output areas - middle layer,305,Residents in establishments with limiting long-term illness - other establishments,0
366,2001,W02000246,2001 super output areas - middle layer,305,All communal establishments,0
367,2001,W02000246,2001 super output areas - middle layer,305,Number of residents by communal establishment type,0
368,2001,W02000246,2001 super output areas - middle layer,305,Medical and care establishments - NHS - Psychiatric hospital / home,0
369,2001,W02000246,2001 super output areas - middle layer,305,Medical and care establishments - NHS - Other hospital home,0
370,2001,W02000246,2001 super output areas - middle layer,305,Medical and care establishments - Local Authority - Children's home,0
371,2001,W02000246,2001 super output areas - middle layer,305,Medical and care establishments - Local Authority - Other,0
372,2001,W02000246,2001 super output areas - middle layer,305,Medical and care establishments - Housing association,0
373,2001,W02000246,2001 super output areas - middle layer,305,Medical and care establishments - Other - Nursing home,0
374,2001,W02000246,2001 super output areas - middle layer,305,Medical and care establishments - Other - Residential care home,0
375,2001,W02000246,2001 super output areas - middle layer,305,Medical and care establishments - Other - Children's home,0
376,2001,W02000246,2001 super output areas - middle layer,305,Medical and care establishments - Other,0
377,2001,W02000246,2001 super output areas - middle layer,305,Other establishments,0
378,2001,W02000246,2001 super output areas - middle layer,305,Residents in establishments with limiting long-term illness - medical and care establishments,0
379,2001,W02000246,2001 super output areas - middle layer,305,Residents in establishments with limiting long-term illness - other establishments,0
380,2001,W02000247,2001 super output areas - middle layer,305,All communal establishments,0
381,2001,W02000247,2001 super output areas - middle layer,305,Number of residents by communal establishment type,315
382,2001,W02000247,2001 super output areas - middle layer,305,Medical and care establishments - NHS - Psychiatric hospital / home,0
383,2001,W02000247,2001 super output areas - middle layer,305,Medical and care establishments - NHS - Other hospital home,0
384,2001,W02000247,2001 super output areas - middle layer,305,Medical and care establishments - Local Authority - Children's home,0
385,2001,W02000247,2001 super output areas - middle layer,305,Medical and care establishments - Local Authority - Other,0
386,2001,W02000247,2001 super output areas - middle layer,305,Medical and care establishments - Housing association,0
387,2001,W02000247,2001 super output areas - middle layer,305,Medical and care establishments - Other - Nursing home,0
388,2001,W02000247,2001 super output areas - middle layer,305,Medical and care establishments - Other - Residential care home,0
389,2001,W02000247,2001 super output areas - middle layer,305,Medical and care establishments - Other - Children's home,0
390,2001,W02000247,2001 super output areas - middle layer,305,Medical and care establishments - Other,0
391,2001,W02000247,2001 super output areas - middle layer,305,Other establishments,315
392,2001,W02000247,2001 super output areas - middle layer,305,Residents in establishments with limiting long-term illness - medical and care establishments,0
393,2001,W02000247,2001 super output areas - middle layer,305,Residents in establishments with limiting long-term illness - other establishments,7
394,2001,W02000248,2001 super output areas - middle layer,305,All communal establishments,0
395,2001,W02000248,2001 super output areas - middle layer,305,Number of residents by communal establishment type,0
396,2001,W02000248,2001 super output areas - middle layer,305,Medical and care establishments - NHS - Psychiatric hospital / home,0
397,2001,W02000248,2001 super output areas - middle layer,305,Medical and care establishments - NHS - Other hospital home,0
398,2001,W02000248,2001 super output areas - middle layer,305,Medical and care establishments - Local Authority - Children's home,0
399,2001,W02000248,2001 super output areas - middle layer,305,Medical and care establishments - Local Authority - Other,0
400,2001,W02000248,2001 super output areas - middle layer,305,Medical and care establishments - Housing association,0
401,2001,W02000248,2001 super output areas - middle layer,305,Medical and care establishments - Other - Nursing home,0
402,2001,W02000248,2001 super output areas - middle layer,305,Medical and care establishments - Other - Residential care home,0
403,2001,W02000248,2001 super output areas - middle layer,305,Medical and care establishments - Other - Children's home,0
404,2001,W02000248,2001 super output areas - middle layer,305,Medical and care establishments - Other,0
405,2001,W02000248,2001 super output areas - middle layer,305,Other establishments,0
406,2001,W02000248,2001 super output areas - middle layer,305,Residents in establishments with limiting long-term illness - medical and care establishments,0
407,2001,W02000248,2001 super output areas - middle layer,305,Residents in establishments with limiting long-term illness - other establishments,0
408,2001,W02000249,2001 super output areas - middle layer,305,All communal establishments,9
409,2001,W02000249,2001 super output areas - middle layer,305,Number of residents by communal establishment type,308
410,2001,W02000249,2001 super output areas - middle layer,305,Medical and care establishments - NHS - Psychiatric hospital / home,0
411,2001,W02000249,2001 super output areas - middle layer,305,Medical and care establishments - NHS - Other hospital home,0
412,2001,W02000249,2001 super output areas - middle layer,305,Medical and care establishments - Local Authority - Children's home,0
413,2001,W02000249,2001 super output areas - middle layer,305,Medical and care establishments - Local Authority - Other,6
414,2001,W02000249,2001 super output areas - middle layer,305,Medical and care establishments - Housing association,0
415,2001,W02000249,2001 super output areas - middle layer,305,Medical and care establishments - Other - Nursing home,217
416,2001,W02000249,2001 super output areas - middle layer,305,Medical and care establishments - Other - Residential care home,85
417,2001,W02000249,2001 super output areas - middle layer,305,Medical and care establishments - Other - Children's home,0
418,2001,W02000249,2001 super output areas - middle layer,305,Medical and care establishments - Other,0
419,2001,W02000249,2001 super output areas - middle layer,305,Other establishments,0
420,2001,W02000249,2001 super output areas - middle layer,305,Residents in establishments with limiting long-term illness - medical and care establishments,307
421,2001,W02000249,2001 super output areas - middle layer,305,Residents in establishments with limiting long-term illness - other establishments,0
422,2001,W02000250,2001 super output areas - middle layer,305,All communal establishments,5
423,2001,W02000250,2001 super output areas - middle layer,305,Number of residents by communal establishment type,304
424,2001,W02000250,2001 super output areas - middle layer,305,Medical and care establishments - NHS - Psychiatric hospital / home,0
425,2001,W02000250,2001 super output areas - middle layer,305,Medical and care establishments - NHS - Other hospital home,0
426,2001,W02000250,2001 super output areas - middle layer,305,Medical and care establishments - Local Authority - Children's home,0
427,2001,W02000250,2001 super output areas - middle layer,305,Medical and care establishments - Local Authority - Other,0
428,2001,W02000250,2001 super output areas - middle layer,305,Medical and care establishments - Housing association,0
429,2001,W02000250,2001 super output areas - middle layer,305,Medical and care establishments - Other - Nursing home,42
430,2001,W02000250,2001 super output areas - middle layer,305,Medical and care establishments - Other - Residential care home,0
431,2001,W02000250,2001 super output areas - middle layer,305,Medical and care establishments - Other - Children's home,0
432,2001,W02000250,2001 super output areas - middle layer,305,Medical and care establishments - Other,0
433,2001,W02000250,2001 super output areas - middle layer,305,Other establishments,262
434,2001,W02000250,2001 super output areas - middle layer,305,Residents in establishments with limiting long-term illness - medical and care establishments,42
435,2001,W02000250,2001 super output areas - middle layer,305,Residents in establishments with limiting long-term illness - other establishments,7
436,2001,W02000251,2001 super output areas - middle layer,305,All communal establishments,9
437,2001,W02000251,2001 super output areas - middle layer,305,Number of residents by communal establishment type,100
438,2001,W02000251,2001 super output areas - middle layer,305,Medical and care establishments - NHS - Psychiatric hospital / home,0
439,2001,W02000251,2001 super output areas - middle layer,305,Medical and care establishments - NHS - Other hospital home,0
440,2001,W02000251,2001 super output areas - middle layer,305,Medical and care establishments - Local Authority - Children's home,0
441,2001,W02000251,2001 super output areas - middle layer,305,Medical and care establishments - Local Authority - Other,0
442,2001,W02000251,2001 super output areas - middle layer,305,Medical and care establishments - Housing association,0
443,2001,W02000251,2001 super output areas - middle layer,305,Medical and care establishments - Other - Nursing home,0
444,2001,W02000251,2001 super output areas - middle layer,305,Medical and care establishments - Other - Residential care home,100
445,2001,W02000251,2001 super output areas - middle layer,305,Medical and care establishments - Other - Children's home,0
446,2001,W02000251,2001 super output areas - middle layer,305,Medical and care establishments - Other,0
447,2001,W02000251,2001 super output areas - middle layer,305,Other establishments,0
448,2001,W02000251,2001 super output areas - middle layer,305,Residents in establishments with limiting long-term illness - medical and care establishments,94
449,2001,W02000251,2001 super output areas - middle layer,305,Residents in establishments with limiting long-term illness - other establishments,0
450,2001,W02000078,2001 super output areas - middle layer,305,All communal establishments,11
451,2001,W02000078,2001 super output areas - middle layer,305,Number of residents by communal establishment type,166
452,2001,W02000078,2001 super output areas - middle layer,305,Medical and care establishments - NHS - Psychiatric hospital / home,0
453,2001,W02000078,2001 super output areas - middle layer,305,Medical and care establishments - NHS - Other hospital home,0
454,2001,W02000078,2001 super output areas - middle layer,305,Medical and care establishments - Local Authority - Children's home,0
455,2001,W02000078,2001 super output areas - middle layer,305,Medical and care establishments - Local Authority - Other,0
456,2001,W02000078,2001 super output areas - middle layer,305,Medical and care establishments - Housing association,0
457,2001,W02000078,2001 super output areas - middle layer,305,Medical and care establishments - Other - Nursing home,119
458,2001,W02000078,2001 super output areas - middle layer,305,Medical and care establishments - Other - Residential care home,36
459,2001,W02000078,2001 super output areas - middle layer,305,Medical and care establishments - Other - Children's home,0
460,2001,W02000078,2001 super output areas - middle layer,305,Medical and care establishments - Other,0
461,2001,W02000078,2001 super output areas - middle layer,305,Other establishments,11
462,2001,W02000078,2001 super output areas - middle layer,305,Residents in establishments with limiting long-term illness - medical and care establishments,155
463,2001,W02000078,2001 super output areas - middle layer,305,Residents in establishments with limiting long-term illness - other establishments,0
464,2001,W02000079,2001 super output areas - middle layer,305,All communal establishments,3
465,2001,W02000079,2001 super output areas - middle layer,305,Number of residents by communal establishment type,114
466,2001,W02000079,2001 super output areas - middle layer,305,Medical and care establishments - NHS - Psychiatric hospital / home,0
467,2001,W02000079,2001 super output areas - middle layer,305,Medical and care establishments - NHS - Other hospital home,0
468,2001,W02000079,2001 super output areas - middle layer,305,Medical and care establishments - Local Authority - Children's home,0
469,2001,W02000079,2001 super output areas - middle layer,305,Medical and care establishments - Local Authority - Other,0
470,2001,W02000079,2001 super output areas - middle layer,305,Medical and care establishments - Housing association,0
471,2001,W02000079,2001 super output areas - middle layer,305,Medical and care establishments - Other - Nursing home,47
472,2001,W02000079,2001 super output areas - middle layer,305,Medical and care establishments - Other - Residential care home,67
473,2001,W02000079,2001 super output areas - middle layer,305,Medical and care establishments - Other - Children's home,0
474,2001,W02000079,2001 super output areas - middle layer,305,Medical and care establishments - Other,0
475,2001,W02000079,2001 super output areas - middle layer,305,Other establishments,0
476,2001,W02000079,2001 super output areas - middle layer,305,Residents in establishments with limiting long-term illness - medical and care establishments,113
477,2001,W02000079,2001 super output areas - middle layer,305,Residents in establishments with limiting long-term illness - other establishments,0
478,2001,W02000080,2001 super output areas - middle layer,305,All communal establishments,0
479,2001,W02000080,2001 super output areas - middle layer,305,Number of residents by communal establishment type,0
480,2001,W02000080,2001 super output areas - middle layer,305,Medical and care establishments - NHS - Psychiatric hospital / home,0
481,2001,W02000080,2001 super output areas - middle layer,305,Medical and care establishments - NHS - Other hospital home,0
482,2001,W02000080,2001 super output areas - middle layer,305,Medical and care establishments - Local Authority - Children's home,0
483,2001,W02000080,2001 super output areas - middle layer,305,Medical and care establishments - Local Authority - Other,0
484,2001,W02000080,2001 super output areas - middle layer,305,Medical and care establishments - Housing association,0
485,2001,W02000080,2001 super output areas - middle layer,305,Medical and care establishments - Other - Nursing home,0
486,2001,W02000080,2001 super output areas - middle layer,305,Medical and care establishments - Other - Residential care home,0
487,2001,W02000080,2001 super output areas - middle layer,305,Medical and care establishments - Other - Children's home,0
488,2001,W02000080,2001 super output areas - middle layer,305,Medical and care establishments - Other,0
489,2001,W02000080,2001 super output areas - middle layer,305,Other establishments,0
490,2001,W02000080,2001 super output areas - middle layer,305,Residents in establishments with limiting long-term illness - medical and care establishments,0
491,2001,W02000080,2001 super output areas - middle layer,305,Residents in establishments with limiting long-term illness - other establishments,0
492,2001,W02000081,2001 super output areas - middle layer,305,All communal establishments,5
493,2001,W02000081,2001 super output areas - middle layer,305,Number of residents by communal establishment type,135
494,2001,W02000081,2001 super output areas - middle layer,305,Medical and care establishments - NHS - Psychiatric hospital / home,0
495,2001,W02000081,2001 super output areas - middle layer,305,Medical and care establishments - NHS - Other hospital home,0
496,2001,W02000081,2001 super output areas - middle layer,305,Medical and care establishments - Local Authority - Children's home,0
497,2001,W02000081,2001 super output areas - middle layer,305,Medical and care establishments - Local Authority - Other,0
498,2001,W02000081,2001 super output areas - middle layer,305,Medical and care establishments - Housing association,0
499,2001,W02000081,2001 super output areas - middle layer,305,Medical and care establishments - Other - Nursing home,103
500,2001,W02000081,2001 super output areas - middle layer,305,Medical and care establishments - Other - Residential care home,32
501,2001,W02000081,2001 super output areas - middle layer,305,Medical and care establishments - Other - Children's home,0
502,2001,W02000081,2001 super output areas - middle layer,305,Medical and care establishments - Other,0
503,2001,W02000081,2001 super output areas - middle layer,305,Other establishments,0
504,2001,W02000081,2001 super output areas - middle layer,305,Residents in establishments with limiting long-term illness - medical and care establishments,123
505,2001,W02000081,2001 super output areas - middle layer,305,Residents in establishments with limiting long-term illness - other establishments,0
506,2001,W02000082,2001 super output areas - middle layer,305,All communal establishments,3
507,2001,W02000082,2001 super output areas - middle layer,305,Number of residents by communal establishment type,38
508,2001,W02000082,2001 super output areas - middle layer,305,Medical and care establishments - NHS - Psychiatric hospital / home,0
509,2001,W02000082,2001 super output areas - middle layer,305,Medical and care establishments - NHS - Other hospital home,0
510,2001,W02000082,2001 super output areas - middle layer,305,Medical and care establishments - Local Authority - Children's home,0
511,2001,W02000082,2001 super output areas - middle layer,305,Medical and care establishments - Local Authority - Other,4
512,2001,W02000082,2001 super output areas - middle layer,305,Medical and care establishments - Housing association,0
513,2001,W02000082,2001 super output areas - middle layer,305,Medical and care establishments - Other - Nursing home,34
514,2001,W02000082,2001 super output areas - middle layer,305,Medical and care establishments - Other - Residential care home,0
515,2001,W02000082,2001 super output areas - middle layer,305,Medical and care establishments - Other - Children's home,0
516,2001,W02000082,2001 super output areas - middle layer,305,Medical and care establishments - Other,0
517,2001,W02000082,2001 super output areas - middle layer,305,Other establishments,0
518,2001,W02000082,2001 super output areas - middle layer,305,Residents in establishments with limiting long-term illness - medical and care establishments,38
519,2001,W02000082,2001 super output areas - middle layer,305,Residents in establishments with limiting long-term illness - other establishments,0
520,2001,W02000083,2001 super output areas - middle layer,305,All communal establishments,4
521,2001,W02000083,2001 super output areas - middle layer,305,Number of residents by communal establishment type,87
522,2001,W02000083,2001 super output areas - middle layer,305,Medical and care establishments - NHS - Psychiatric hospital / home,0
523,2001,W02000083,2001 super output areas - middle layer,305,Medical and care establishments - NHS - Other hospital home,0
524,2001,W02000083,2001 super output areas - middle layer,305,Medical and care establishments - Local Authority - Children's home,0
525,2001,W02000083,2001 super output areas - middle layer,305,Medical and care establishments - Local Authority - Other,0
526,2001,W02000083,2001 super output areas - middle layer,305,Medical and care establishments - Housing association,0
527,2001,W02000083,2001 super output areas - middle layer,305,Medical and care establishments - Other - Nursing home,44
528,2001,W02000083,2001 super output areas - middle layer,305,Medical and care establishments - Other - Residential care home,43
529,2001,W02000083,2001 super output areas - middle layer,305,Medical and care establishments - Other - Children's home,0
530,2001,W02000083,2001 super output areas - middle layer,305,Medical and care establishments - Other,0
531,2001,W02000083,2001 super output areas - middle layer,305,Other establishments,0
532,2001,W02000083,2001 super output areas - middle layer,305,Residents in establishments with limiting long-term illness - medical and care establishments,64
533,2001,W02000083,2001 super output areas - middle layer,305,Residents in establishments with limiting long-term illness - other establishments,0
534,2001,W02000084,2001 super output areas - middle layer,305,All communal establishments,0
535,2001,W02000084,2001 super output areas - middle layer,305,Number of residents by communal establishment type,3
536,2001,W02000084,2001 super output areas - middle layer,305,Medical and care establishments - NHS - Psychiatric hospital / home,0
537,2001,W02000084,2001 super output areas - middle layer,305,Medical and care establishments - NHS - Other hospital home,0
538,2001,W02000084,2001 super output areas - middle layer,305,Medical and care establishments - Local Authority - Children's home,3
539,2001,W02000084,2001 super output areas - middle layer,305,Medical and care establishments - Local Authority - Other,0
540,2001,W02000084,2001 super output areas - middle layer,305,Medical and care establishments - Housing association,0
541,2001,W02000084,2001 super output areas - middle layer,305,Medical and care establishments - Other - Nursing home,0
542,2001,W02000084,2001 super output areas - middle layer,305,Medical and care establishments - Other - Residential care home,0
543,2001,W02000084,2001 super output areas - middle layer,305,Medical and care establishments - Other - Children's home,0
544,2001,W02000084,2001 super output areas - middle layer,305,Medical and care establishments - Other,0
545,2001,W02000084,2001 super output areas - middle layer,305,Other establishments,0
546,2001,W02000084,2001 super output areas - middle layer,305,Residents in establishments with limiting long-term illness - medical and care establishments,0
547,2001,W02000084,2001 super output areas - middle layer,305,Residents in establishments with limiting long-term illness - other establishments,0
548,2001,W02000085,2001 super output areas - middle layer,305,All communal establishments,9
549,2001,W02000085,2001 super output areas - middle layer,305,Number of residents by communal establishment type,383
550,2001,W02000085,2001 super output areas - middle layer,305,Medical and care establishments - NHS - Psychiatric hospital / home,0
551,2001,W02000085,2001 super output areas - middle layer,305,Medical and care establishments - NHS - Other hospital home,7
552,2001,W02000085,2001 super output areas - middle layer,305,Medical and care establishments - Local Authority - Children's home,0
553,2001,W02000085,2001 super output areas - middle layer,305,Medical and care establishments - Local Authority - Other,0
554,2001,W02000085,2001 super output areas - middle layer,305,Medical and care establishments - Housing association,0
555,2001,W02000085,2001 super output areas - middle layer,305,Medical and care establishments - Other - Nursing home,63
556,2001,W02000085,2001 super output areas - middle layer,305,Medical and care establishments - Other - Residential care home,33
557,2001,W02000085,2001 super output areas - middle layer,305,Medical and care establishments - Other - Children's home,0
558,2001,W02000085,2001 super output areas - middle layer,305,Medical and care establishments - Other,0
559,2001,W02000085,2001 super output areas - middle layer,305,Other establishments,280
560,2001,W02000085,2001 super output areas - middle layer,305,Residents in establishments with limiting long-term illness - medical and care establishments,91
561,2001,W02000085,2001 super output areas - middle layer,305,Residents in establishments with limiting long-term illness - other establishments,18
562,2001,W02000086,2001 super output areas - middle layer,305,All communal establishments,0
563,2001,W02000086,2001 super output areas - middle layer,305,Number of residents by communal establishment type,8
564,2001,W02000086,2001 super output areas - middle layer,305,Medical and care establishments - NHS - Psychiatric hospital / home,0
565,2001,W02000086,2001 super output areas - middle layer,305,Medical and care establishments - NHS - Other hospital home,0
566,2001,W02000086,2001 super output areas - middle layer,305,Medical and care establishments - Local Authority - Children's home,0
567,2001,W02000086,2001 super output areas - middle layer,305,Medical and care establishments - Local Authority - Other,0
568,2001,W02000086,2001 super output areas - middle layer,305,Medical and care establishments - Housing association,0
569,2001,W02000086,2001 super output areas - middle layer,305,Medical and care establishments - Other - Nursing home,0
570,2001,W02000086,2001 super output areas - middle layer,305,Medical and care establishments - Other - Residential care home,8
571,2001,W02000086,2001 super output areas - middle layer,305,Medical and care establishments - Other - Children's home,0
572,2001,W02000086,2001 super output areas - middle layer,305,Medical and care establishments - Other,0
573,2001,W02000086,2001 super output areas - middle layer,305,Other establishments,0
574,2001,W02000086,2001 super output areas - middle layer,305,Residents in establishments with limiting long-term illness - medical and care establishments,7
575,2001,W02000086,2001 super output areas - middle layer,305,Residents in establishments with limiting long-term illness - other establishments,0
576,2001,W02000087,2001 super output areas - middle layer,305,All communal establishments,0
577,2001,W02000087,2001 super output areas - middle layer,305,Number of residents by communal establishment type,7
578,2001,W02000087,2001 super output areas - middle layer,305,Medical and care establishments - NHS - Psychiatric hospital / home,0
579,2001,W02000087,2001 super output areas - middle layer,305,Medical and care establishments - NHS - Other hospital home,0
580,2001,W02000087,2001 super output areas - middle layer,305,Medical and care establishments - Local Authority - Children's home,0
581,2001,W02000087,2001 super output areas - middle layer,305,Medical and care establishments - Local Authority - Other,0
582,2001,W02000087,2001 super output areas - middle layer,305,Medical and care establishments - Housing association,0
583,2001,W02000087,2001 super output areas - middle layer,305,Medical and care establishments - Other - Nursing home,3
584,2001,W02000087,2001 super output areas - middle layer,305,Medical and care establishments - Other - Residential care home,0
585,2001,W02000087,2001 super output areas - middle layer,305,Medical and care establishments - Other - Children's home,0
586,2001,W02000087,2001 super output areas - middle layer,305,Medical and care establishments - Other,0
587,2001,W02000087,2001 super output areas - middle layer,305,Other establishments,4
588,2001,W02000087,2001 super output areas - middle layer,305,Residents in establishments with limiting long-term illness - medical and care establishments,3
589,2001,W02000087,2001 super output areas - middle layer,305,Residents in establishments with limiting long-term illness - other establishments,0
590,2001,W02000088,2001 super output areas - middle layer,305,All communal establishments,12
591,2001,W02000088,2001 super output areas - middle layer,305,Number of residents by communal establishment type,182
592,2001,W02000088,2001 super output areas - middle layer,305,Medical and care establishments - NHS - Psychiatric hospital / home,0
593,2001,W02000088,2001 super output areas - middle layer,305,Medical and care establishments - NHS - Other hospital home,0
594,2001,W02000088,2001 super output areas - middle layer,305,Medical and care establishments - Local Authority - Children's home,0
595,2001,W02000088,2001 super output areas - middle layer,305,Medical and care establishments - Local Authority - Other,18
596,2001,W02000088,2001 super output areas - middle layer,305,Medical and care establishments - Housing association,0
597,2001,W02000088,2001 super output areas - middle layer,305,Medical and care establishments - Other - Nursing home,68
598,2001,W02000088,2001 super output areas - middle layer,305,Medical and care establishments - Other - Residential care home,62
599,2001,W02000088,2001 super output areas - middle layer,305,Medical and care establishments - Other - Children's home,0
600,2001,W02000088,2001 super output areas - middle layer,305,Medical and care establishments - Other,3
601,2001,W02000088,2001 super output areas - middle layer,305,Other establishments,31
602,2001,W02000088,2001 super output areas - middle layer,305,Residents in establishments with limiting long-term illness - medical and care establishments,144
603,2001,W02000088,2001 super output areas - middle layer,305,Residents in establishments with limiting long-term illness - other establishments,21
604,2001,W02000089,2001 super output areas - middle layer,305,All communal establishments,18
605,2001,W02000089,2001 super output areas - middle layer,305,Number of residents by communal establishment type,130
606,2001,W02000089,2001 super output areas - middle layer,305,Medical and care establishments - NHS - Psychiatric hospital / home,0
607,2001,W02000089,2001 super output areas - middle layer,305,Medical and care establishments - NHS - Other hospital home,0
608,2001,W02000089,2001 super output areas - middle layer,305,Medical and care establishments - Local Authority - Children's home,0
609,2001,W02000089,2001 super output areas - middle layer,305,Medical and care establishments - Local Authority - Other,28
610,2001,W02000089,2001 super output areas - middle layer,305,Medical and care establishments - Housing association,0
611,2001,W02000089,2001 super output areas - middle layer,305,Medical and care establishments - Other - Nursing home,0
612,2001,W02000089,2001 super output areas - middle layer,305,Medical and care establishments - Other - Residential care home,59
613,2001,W02000089,2001 super output areas - middle layer,305,Medical and care establishments - Other - Children's home,0
614,2001,W02000089,2001 super output areas - middle layer,305,Medical and care establishments - Other,33
615,2001,W02000089,2001 super output areas - middle layer,305,Other establishments,10
616,2001,W02000089,2001 super output areas - middle layer,305,Residents in establishments with limiting long-term illness - medical and care establishments,108
617,2001,W02000089,2001 super output areas - middle layer,305,Residents in establishments with limiting long-term illness - other establishments,0
618,2001,W02000090,2001 super output areas - middle layer,305,All communal establishments,0
619,2001,W02000090,2001 super output areas - middle layer,305,Number of residents by communal establishment type,0
620,2001,W02000090,2001 super output areas - middle layer,305,Medical and care establishments - NHS - Psychiatric hospital / home,0
621,2001,W02000090,2001 super output areas - middle layer,305,Medical and care establishments - NHS - Other hospital home,0
622,2001,W02000090,2001 super output areas - middle layer,305,Medical and care establishments - Local Authority - Children's home,0
623,2001,W02000090,2001 super output areas - middle layer,305,Medical and care establishments - Local Authority - Other,0
624,2001,W02000090,2001 super output areas - middle layer,305,Medical and care establishments - Housing association,0
625,2001,W02000090,2001 super output areas - middle layer,305,Medical and care establishments - Other - Nursing home,0
626,2001,W02000090,2001 super output areas - middle layer,305,Medical and care establishments - Other - Residential care home,0
627,2001,W02000090,2001 super output areas - middle layer,305,Medical and care establishments - Other - Children's home,0
628,2001,W02000090,2001 super output areas - middle layer,305,Medical and care establishments - Other,0
629,2001,W02000090,2001 super output areas - middle layer,305,Other establishments,0
630,2001,W02000090,2001 super output areas - middle layer,305,Residents in establishments with limiting long-term illness - medical and care establishments,0
631,2001,W02000090,2001 super output areas - middle layer,305,Residents in establishments with limiting long-term illness - other establishments,0
632,2001,W02000091,2001 super output areas - middle layer,305,All communal establishments,3
633,2001,W02000091,2001 super output areas - middle layer,305,Number of residents by communal establishment type,26
634,2001,W02000091,2001 super output areas - middle layer,305,Medical and care establishments - NHS - Psychiatric hospital / home,0
635,2001,W02000091,2001 super output areas - middle layer,305,Medical and care establishments - NHS - Other hospital home,0
636,2001,W02000091,2001 super output areas - middle layer,305,Medical and care establishments - Local Authority - Children's home,0
637,2001,W02000091,2001 super output areas - middle layer,305,Medical and care establishments - Local Authority - Other,0
638,2001,W02000091,2001 super output areas - middle layer,305,Medical and care establishments - Housing association,0
639,2001,W02000091,2001 super output areas - middle layer,305,Medical and care establishments - Other - Nursing home,19
640,2001,W02000091,2001 super output areas - middle layer,305,Medical and care establishments - Other - Residential care home,7
641,2001,W02000091,2001 super output areas - middle layer,305,Medical and care establishments - Other - Children's home,0
642,2001,W02000091,2001 super output areas - middle layer,305,Medical and care establishments - Other,0
643,2001,W02000091,2001 super output areas - middle layer,305,Other establishments,0
644,2001,W02000091,2001 super output areas - middle layer,305,Residents in establishments with limiting long-term illness - medical and care establishments,19
645,2001,W02000091,2001 super output areas - middle layer,305,Residents in establishments with limiting long-term illness - other establishments,0
646,2001,W02000092,2001 super output areas - middle layer,305,All communal establishments,3
647,2001,W02000092,2001 super output areas - middle layer,305,Number of residents by communal establishment type,62
648,2001,W02000092,2001 super output areas - middle layer,305,Medical and care establishments - NHS - Psychiatric hospital / home,0
649,2001,W02000092,2001 super output areas - middle layer,305,Medical and care establishments - NHS - Other hospital home,0
650,2001,W02000092,2001 super output areas - middle layer,305,Medical and care establishments - Local Authority - Children's home,0
651,2001,W02000092,2001 super output areas - middle layer,305,Medical and care establishments - Local Authority - Other,12
652,2001,W02000092,2001 super output areas - middle layer,305,Medical and care establishments - Housing association,0
653,2001,W02000092,2001 super output areas - middle layer,305,Medical and care establishments - Other - Nursing home,31
654,2001,W02000092,2001 super output areas - middle layer,305,Medical and care establishments - Other - Residential care home,0
655,2001,W02000092,2001 super output areas - middle layer,305,Medical and care establishments - Other - Children's home,0
656,2001,W02000092,2001 super output areas - middle layer,305,Medical and care establishments - Other,19
657,2001,W02000092,2001 super output areas - middle layer,305,Other establishments,0
658,2001,W02000092,2001 super output areas - middle layer,305,Residents in establishments with limiting long-term illness - medical and care establishments,62
659,2001,W02000092,2001 super output areas - middle layer,305,Residents in establishments with limiting long-term illness - other establishments,0
660,2001,W02000093,2001 super output areas - middle layer,305,All communal establishments,3
661,2001,W02000093,2001 super output areas - middle layer,305,Number of residents by communal establishment type,21
662,2001,W02000093,2001 super output areas - middle layer,305,Medical and care establishments - NHS - Psychiatric hospital / home,0
663,2001,W02000093,2001 super output areas - middle layer,305,Medical and care establishments - NHS - Other hospital home,0
664,2001,W02000093,2001 super output areas - middle layer,305,Medical and care establishments - Local Authority - Children's home,0
665,2001,W02000093,2001 super output areas - middle layer,305,Medical and care establishments - Local Authority - Other,0
666,2001,W02000093,2001 super output areas - middle layer,305,Medical and care establishments - Housing association,0
667,2001,W02000093,2001 super output areas - middle layer,305,Medical and care establishments - Other - Nursing home,21
668,2001,W02000093,2001 super output areas - middle layer,305,Medical and care establishments - Other - Residential care home,0
669,2001,W02000093,2001 super output areas - middle layer,305,Medical and care establishments - Other - Children's home,0
670,2001,W02000093,2001 super output areas - middle layer,305,Medical and care establishments - Other,0
671,2001,W02000093,2001 super output areas - middle layer,305,Other establishments,0
672,2001,W02000093,2001 super output areas - middle layer,305,Residents in establishments with limiting long-term illness - medical and care establishments,21
673,2001,W02000093,2001 super output areas - middle layer,305,Residents in establishments with limiting long-term illness - other establishments,0
674,2001,W02000094,2001 super output areas - middle layer,305,All communal establishments,7
675,2001,W02000094,2001 super output areas - middle layer,305,Number of residents by communal establishment type,79
676,2001,W02000094,2001 super output areas - middle layer,305,Medical and care establishments - NHS - Psychiatric hospital / home,0
677,2001,W02000094,2001 super output areas - middle layer,305,Medical and care establishments - NHS - Other hospital home,0
678,2001,W02000094,2001 super output areas - middle layer,305,Medical and care establishments - Local Authority - Children's home,0
679,2001,W02000094,2001 super output areas - middle layer,305,Medical and care establishments - Local Authority - Other,23
680,2001,W02000094,2001 super output areas - middle layer,305,Medical and care establishments - Housing association,0
681,2001,W02000094,2001 super output areas - middle layer,305,Medical and care establishments - Other - Nursing home,36
682,2001,W02000094,2001 super output areas - middle layer,305,Medical and care establishments - Other - Residential care home,6
683,2001,W02000094,2001 super output areas - middle layer,305,Medical and care establishments - Other - Children's home,0
684,2001,W02000094,2001 super output areas - middle layer,305,Medical and care establishments - Other,0
685,2001,W02000094,2001 super output areas - middle layer,305,Other establishments,14
686,2001,W02000094,2001 super output areas - middle layer,305,Residents in establishments with limiting long-term illness - medical and care establishments,47
687,2001,W02000094,2001 super output areas - middle layer,305,Residents in establishments with limiting long-term illness - other establishments,5
688,2001,W02000095,2001 super output areas - middle layer,305,All communal establishments,3
689,2001,W02000095,2001 super output areas - middle layer,305,Number of residents by communal establishment type,19
690,2001,W02000095,2001 super output areas - middle layer,305,Medical and care establishments - NHS - Psychiatric hospital / home,0
691,2001,W02000095,2001 super output areas - middle layer,305,Medical and care establishments - NHS - Other hospital home,10
692,2001,W02000095,2001 super output areas - middle layer,305,Medical and care establishments - Local Authority - Children's home,0
693,2001,W02000095,2001 super output areas - middle layer,305,Medical and care establishments - Local Authority - Other,0
694,2001,W02000095,2001 super output areas - middle layer,305,Medical and care establishments - Housing association,0
695,2001,W02000095,2001 super output areas - middle layer,305,Medical and care establishments - Other - Nursing home,0
696,2001,W02000095,2001 super output areas - middle layer,305,Medical and care establishments - Other - Residential care home,0
697,2001,W02000095,2001 super output areas - middle layer,305,Medical and care establishments - Other - Children's home,0
698,2001,W02000095,2001 super output areas - middle layer,305,Medical and care establishments - Other,0
699,2001,W02000095,2001 super output areas - middle layer,305,Other establishments,9
700,2001,W02000095,2001 super output areas - middle layer,305,Residents in establishments with limiting long-term illness - medical and care establishments,10
701,2001,W02000095,2001 super output areas - middle layer,305,Residents in establishments with limiting long-term illness - other establishments,0
702,2001,W02000096,2001 super output areas - middle layer,305,All communal establishments,7
703,2001,W02000096,2001 super output areas - middle layer,305,Number of residents by communal establishment type,85
704,2001,W02000096,2001 super output areas - middle layer,305,Medical and care establishments - NHS - Psychiatric hospital / home,0
705,2001,W02000096,2001 super output areas - middle layer,305,Medical and care establishments - NHS - Other hospital home,0
706,2001,W02000096,2001 super output areas - middle layer,305,Medical and care establishments - Local Authority - Children's home,0
707,2001,W02000096,2001 super output areas - middle layer,305,Medical and care establishments - Local Authority - Other,0
708,2001,W02000096,2001 super output areas - middle layer,305,Medical and care establishments - Housing association,0
709,2001,W02000096,2001 super output areas - middle layer,305,Medical and care establishments - Other - Nursing home,14
710,2001,W02000096,2001 super output areas - middle layer,305,Medical and care establishments - Other - Residential care home,71
711,2001,W02000096,2001 super output areas - middle layer,305,Medical and care establishments - Other - Children's home,0
712,2001,W02000096,2001 super output areas - middle layer,305,Medical and care establishments - Other,0
713,2001,W02000096,2001 super output areas - middle layer,305,Other establishments,0
714,2001,W02000096,2001 super output areas - middle layer,305,Residents in establishments with limiting long-term illness - medical and care establishments,84
715,2001,W02000096,2001 super output areas - middle layer,305,Residents in establishments with limiting long-term illness - other establishments,0
