,DATE,GEOGRAPHY_CODE,GEOGRAPHY_TYPE,GEOGRAPHY_TYPECODE,C2021_HOURS_5_NAME,OBS_VALUE
0,2021,W02000264,2021 super output areas - middle layer,152,Full-time: 49 or more hours worked,173
1,2021,W02000265,2021 super output areas - middle layer,152,Total: All usual residents aged 16 years and over in employment the week before the census,3835
2,2021,W02000265,2021 super output areas - middle layer,152,Part-time,1079
3,2021,W02000265,2021 super output areas - middle layer,152,Part-time: 15 hours or less worked,259
4,2021,W02000265,2021 super output areas - middle layer,152,Part-time: 16 to 30 hours worked,820
5,2021,W02000265,2021 super output areas - middle layer,152,Full-time,2756
6,2021,W02000265,2021 super output areas - middle layer,152,Full-time: 31 to 48 hours worked,2433
7,2021,W02000265,2021 super output areas - middle layer,152,Full-time: 49 or more hours worked,323
8,2021,W02000266,2021 super output areas - middle layer,152,Total: All usual residents aged 16 years and over in employment the week before the census,3178
9,2021,W02000266,2021 super output areas - middle layer,152,Part-time,865
10,2021,W02000266,2021 super output areas - middle layer,152,Part-time: 15 hours or less worked,212
11,2021,W02000266,2021 super output areas - middle layer,152,Part-time: 16 to 30 hours worked,653
12,2021,W02000266,2021 super output areas - middle layer,152,Full-time,2313
13,2021,W02000266,2021 super output areas - middle layer,152,Full-time: 31 to 48 hours worked,2021
14,2021,W02000266,2021 super output areas - middle layer,152,Full-time: 49 or more hours worked,292
15,2021,W02000267,2021 super output areas - middle layer,152,Total: All usual residents aged 16 years and over in employment the week before the census,2710
16,2021,W02000267,2021 super output areas - middle layer,152,Part-time,820
17,2021,W02000267,2021 super output areas - middle layer,152,Part-time: 15 hours or less worked,179
18,2021,W02000267,2021 super output areas - middle layer,152,Part-time: 16 to 30 hours worked,641
19,2021,W02000267,2021 super output areas - middle layer,152,Full-time,1890
20,2021,W02000267,2021 super output areas - middle layer,152,Full-time: 31 to 48 hours worked,1693
21,2021,W02000267,2021 super output areas - middle layer,152,Full-time: 49 or more hours worked,197
22,2021,W02000268,2021 super output areas - middle layer,152,Total: All usual residents aged 16 years and over in employment the week before the census,3932
23,2021,W02000268,2021 super output areas - middle layer,152,Part-time,1139
24,2021,W02000268,2021 super output areas - middle layer,152,Part-time: 15 hours or less worked,288
25,2021,W02000268,2021 super output areas - middle layer,152,Part-time: 16 to 30 hours worked,851
26,2021,W02000268,2021 super output areas - middle layer,152,Full-time,2793
27,2021,W02000268,2021 super output areas - middle layer,152,Full-time: 31 to 48 hours worked,2478
28,2021,W02000268,2021 super output areas - middle layer,152,Full-time: 49 or more hours worked,315
29,2021,W02000269,2021 super output areas - middle layer,152,Total: All usual residents aged 16 years and over in employment the week before the census,3457
30,2021,W02000269,2021 super output areas - middle layer,152,Part-time,985
31,2021,W02000269,2021 super output areas - middle layer,152,Part-time: 15 hours or less worked,228
32,2021,W02000269,2021 super output areas - middle layer,152,Part-time: 16 to 30 hours worked,757
33,2021,W02000269,2021 super output areas - middle layer,152,Full-time,2472
34,2021,W02000269,2021 super output areas - middle layer,152,Full-time: 31 to 48 hours worked,2211
35,2021,W02000269,2021 super output areas - middle layer,152,Full-time: 49 or more hours worked,261
36,2021,W02000270,2021 super output areas - middle layer,152,Total: All usual residents aged 16 years and over in employment the week before the census,3142
37,2021,W02000270,2021 super output areas - middle layer,152,Part-time,868
38,2021,W02000270,2021 super output areas - middle layer,152,Part-time: 15 hours or less worked,219
39,2021,W02000270,2021 super output areas - middle layer,152,Part-time: 16 to 30 hours worked,649
40,2021,W02000270,2021 super output areas - middle layer,152,Full-time,2274
41,2021,W02000270,2021 super output areas - middle layer,152,Full-time: 31 to 48 hours worked,2037
42,2021,W02000270,2021 super output areas - middle layer,152,Full-time: 49 or more hours worked,237
43,2021,W02000271,2021 super output areas - middle layer,152,Total: All usual residents aged 16 years and over in employment the week before the census,2190
44,2021,W02000271,2021 super output areas - middle layer,152,Part-time,575
45,2021,W02000271,2021 super output areas - middle layer,152,Part-time: 15 hours or less worked,150
46,2021,W02000271,2021 super output areas - middle layer,152,Part-time: 16 to 30 hours worked,425
47,2021,W02000271,2021 super output areas - middle layer,152,Full-time,1615
48,2021,W02000271,2021 super output areas - middle layer,152,Full-time: 31 to 48 hours worked,1412
49,2021,W02000271,2021 super output areas - middle layer,152,Full-time: 49 or more hours worked,203
50,2021,W02000272,2021 super output areas - middle layer,152,Total: All usual residents aged 16 years and over in employment the week before the census,4585
51,2021,W02000272,2021 super output areas - middle layer,152,Part-time,1286
52,2021,W02000272,2021 super output areas - middle layer,152,Part-time: 15 hours or less worked,380
53,2021,W02000272,2021 super output areas - middle layer,152,Part-time: 16 to 30 hours worked,906
54,2021,W02000272,2021 super output areas - middle layer,152,Full-time,3299
55,2021,W02000272,2021 super output areas - middle layer,152,Full-time: 31 to 48 hours worked,2921
56,2021,W02000272,2021 super output areas - middle layer,152,Full-time: 49 or more hours worked,378
57,2021,W02000273,2021 super output areas - middle layer,152,Total: All usual residents aged 16 years and over in employment the week before the census,3914
58,2021,W02000273,2021 super output areas - middle layer,152,Part-time,1421
59,2021,W02000273,2021 super output areas - middle layer,152,Part-time: 15 hours or less worked,582
60,2021,W02000273,2021 super output areas - middle layer,152,Part-time: 16 to 30 hours worked,839
61,2021,W02000273,2021 super output areas - middle layer,152,Full-time,2493
62,2021,W02000273,2021 super output areas - middle layer,152,Full-time: 31 to 48 hours worked,2201
63,2021,W02000273,2021 super output areas - middle layer,152,Full-time: 49 or more hours worked,292
64,2021,W02000274,2021 super output areas - middle layer,152,Total: All usual residents aged 16 years and over in employment the week before the census,4754
65,2021,W02000274,2021 super output areas - middle layer,152,Part-time,1220
66,2021,W02000274,2021 super output areas - middle layer,152,Part-time: 15 hours or less worked,285
67,2021,W02000274,2021 super output areas - middle layer,152,Part-time: 16 to 30 hours worked,935
68,2021,W02000274,2021 super output areas - middle layer,152,Full-time,3534
69,2021,W02000274,2021 super output areas - middle layer,152,Full-time: 31 to 48 hours worked,3065
70,2021,W02000274,2021 super output areas - middle layer,152,Full-time: 49 or more hours worked,469
71,2021,W02000275,2021 super output areas - middle layer,152,Total: All usual residents aged 16 years and over in employment the week before the census,2711
72,2021,W02000275,2021 super output areas - middle layer,152,Part-time,716
73,2021,W02000275,2021 super output areas - middle layer,152,Part-time: 15 hours or less worked,172
74,2021,W02000275,2021 super output areas - middle layer,152,Part-time: 16 to 30 hours worked,544
75,2021,W02000275,2021 super output areas - middle layer,152,Full-time,1995
76,2021,W02000275,2021 super output areas - middle layer,152,Full-time: 31 to 48 hours worked,1745
77,2021,W02000275,2021 super output areas - middle layer,152,Full-time: 49 or more hours worked,250
78,2021,W02000276,2021 super output areas - middle layer,152,Total: All usual residents aged 16 years and over in employment the week before the census,2710
79,2021,W02000276,2021 super output areas - middle layer,152,Part-time,683
80,2021,W02000276,2021 super output areas - middle layer,152,Part-time: 15 hours or less worked,180
81,2021,W02000276,2021 super output areas - middle layer,152,Part-time: 16 to 30 hours worked,503
82,2021,W02000276,2021 super output areas - middle layer,152,Full-time,2027
83,2021,W02000276,2021 super output areas - middle layer,152,Full-time: 31 to 48 hours worked,1785
84,2021,W02000276,2021 super output areas - middle layer,152,Full-time: 49 or more hours worked,242
85,2021,W02000277,2021 super output areas - middle layer,152,Total: All usual residents aged 16 years and over in employment the week before the census,3283
86,2021,W02000277,2021 super output areas - middle layer,152,Part-time,925
87,2021,W02000277,2021 super output areas - middle layer,152,Part-time: 15 hours or less worked,248
88,2021,W02000277,2021 super output areas - middle layer,152,Part-time: 16 to 30 hours worked,677
89,2021,W02000277,2021 super output areas - middle layer,152,Full-time,2358
90,2021,W02000277,2021 super output areas - middle layer,152,Full-time: 31 to 48 hours worked,2095
91,2021,W02000277,2021 super output areas - middle layer,152,Full-time: 49 or more hours worked,263
92,2021,W02000278,2021 super output areas - middle layer,152,Total: All usual residents aged 16 years and over in employment the week before the census,4569
93,2021,W02000278,2021 super output areas - middle layer,152,Part-time,1172
94,2021,W02000278,2021 super output areas - middle layer,152,Part-time: 15 hours or less worked,348
95,2021,W02000278,2021 super output areas - middle layer,152,Part-time: 16 to 30 hours worked,824
96,2021,W02000278,2021 super output areas - middle layer,152,Full-time,3397
97,2021,W02000278,2021 super output areas - middle layer,152,Full-time: 31 to 48 hours worked,2962
98,2021,W02000278,2021 super output areas - middle layer,152,Full-time: 49 or more hours worked,435
99,2021,W02000279,2021 super output areas - middle layer,152,Total: All usual residents aged 16 years and over in employment the week before the census,3697
100,2021,W02000279,2021 super output areas - middle layer,152,Part-time,1049
101,2021,W02000279,2021 super output areas - middle layer,152,Part-time: 15 hours or less worked,298
102,2021,W02000279,2021 super output areas - middle layer,152,Part-time: 16 to 30 hours worked,751
103,2021,W02000279,2021 super output areas - middle layer,152,Full-time,2648
104,2021,W02000279,2021 super output areas - middle layer,152,Full-time: 31 to 48 hours worked,2318
105,2021,W02000279,2021 super output areas - middle layer,152,Full-time: 49 or more hours worked,330
106,2021,W02000280,2021 super output areas - middle layer,152,Total: All usual residents aged 16 years and over in employment the week before the census,4764
107,2021,W02000280,2021 super output areas - middle layer,152,Part-time,1237
108,2021,W02000280,2021 super output areas - middle layer,152,Part-time: 15 hours or less worked,362
109,2021,W02000280,2021 super output areas - middle layer,152,Part-time: 16 to 30 hours worked,875
110,2021,W02000280,2021 super output areas - middle layer,152,Full-time,3527
111,2021,W02000280,2021 super output areas - middle layer,152,Full-time: 31 to 48 hours worked,3058
112,2021,W02000280,2021 super output areas - middle layer,152,Full-time: 49 or more hours worked,469
113,2021,W02000281,2021 super output areas - middle layer,152,Total: All usual residents aged 16 years and over in employment the week before the census,3470
114,2021,W02000281,2021 super output areas - middle layer,152,Part-time,957
115,2021,W02000281,2021 super output areas - middle layer,152,Part-time: 15 hours or less worked,325
116,2021,W02000281,2021 super output areas - middle layer,152,Part-time: 16 to 30 hours worked,632
117,2021,W02000281,2021 super output areas - middle layer,152,Full-time,2513
118,2021,W02000281,2021 super output areas - middle layer,152,Full-time: 31 to 48 hours worked,2208
119,2021,W02000281,2021 super output areas - middle layer,152,Full-time: 49 or more hours worked,305
120,2021,W02000282,2021 super output areas - middle layer,152,Total: All usual residents aged 16 years and over in employment the week before the census,5603
121,2021,W02000282,2021 super output areas - middle layer,152,Part-time,1492
122,2021,W02000282,2021 super output areas - middle layer,152,Part-time: 15 hours or less worked,460
123,2021,W02000282,2021 super output areas - middle layer,152,Part-time: 16 to 30 hours worked,1032
124,2021,W02000282,2021 super output areas - middle layer,152,Full-time,4111
125,2021,W02000282,2021 super output areas - middle layer,152,Full-time: 31 to 48 hours worked,3517
126,2021,W02000282,2021 super output areas - middle layer,152,Full-time: 49 or more hours worked,594
127,2021,W02000290,2021 super output areas - middle layer,152,Total: All usual residents aged 16 years and over in employment the week before the census,3331
128,2021,W02000290,2021 super output areas - middle layer,152,Part-time,906
129,2021,W02000290,2021 super output areas - middle layer,152,Part-time: 15 hours or less worked,243
130,2021,W02000290,2021 super output areas - middle layer,152,Part-time: 16 to 30 hours worked,663
131,2021,W02000290,2021 super output areas - middle layer,152,Full-time,2425
132,2021,W02000290,2021 super output areas - middle layer,152,Full-time: 31 to 48 hours worked,2140
133,2021,W02000290,2021 super output areas - middle layer,152,Full-time: 49 or more hours worked,285
134,2021,W02000291,2021 super output areas - middle layer,152,Total: All usual residents aged 16 years and over in employment the week before the census,2931
135,2021,W02000291,2021 super output areas - middle layer,152,Part-time,792
136,2021,W02000291,2021 super output areas - middle layer,152,Part-time: 15 hours or less worked,181
137,2021,W02000291,2021 super output areas - middle layer,152,Part-time: 16 to 30 hours worked,611
138,2021,W02000291,2021 super output areas - middle layer,152,Full-time,2139
139,2021,W02000291,2021 super output areas - middle layer,152,Full-time: 31 to 48 hours worked,1874
140,2021,W02000291,2021 super output areas - middle layer,152,Full-time: 49 or more hours worked,265
141,2021,W02000292,2021 super output areas - middle layer,152,Total: All usual residents aged 16 years and over in employment the week before the census,2352
142,2021,W02000292,2021 super output areas - middle layer,152,Part-time,649
143,2021,W02000292,2021 super output areas - middle layer,152,Part-time: 15 hours or less worked,196
144,2021,W02000292,2021 super output areas - middle layer,152,Part-time: 16 to 30 hours worked,453
145,2021,W02000292,2021 super output areas - middle layer,152,Full-time,1703
146,2021,W02000292,2021 super output areas - middle layer,152,Full-time: 31 to 48 hours worked,1513
147,2021,W02000292,2021 super output areas - middle layer,152,Full-time: 49 or more hours worked,190
148,2021,W02000293,2021 super output areas - middle layer,152,Total: All usual residents aged 16 years and over in employment the week before the census,2397
149,2021,W02000293,2021 super output areas - middle layer,152,Part-time,703
150,2021,W02000293,2021 super output areas - middle layer,152,Part-time: 15 hours or less worked,184
151,2021,W02000293,2021 super output areas - middle layer,152,Part-time: 16 to 30 hours worked,519
152,2021,W02000293,2021 super output areas - middle layer,152,Full-time,1694
153,2021,W02000293,2021 super output areas - middle layer,152,Full-time: 31 to 48 hours worked,1490
154,2021,W02000293,2021 super output areas - middle layer,152,Full-time: 49 or more hours worked,204
155,2021,W02000294,2021 super output areas - middle layer,152,Total: All usual residents aged 16 years and over in employment the week before the census,2392
156,2021,W02000294,2021 super output areas - middle layer,152,Part-time,632
157,2021,W02000294,2021 super output areas - middle layer,152,Part-time: 15 hours or less worked,183
158,2021,W02000294,2021 super output areas - middle layer,152,Part-time: 16 to 30 hours worked,449
159,2021,W02000294,2021 super output areas - middle layer,152,Full-time,1760
160,2021,W02000294,2021 super output areas - middle layer,152,Full-time: 31 to 48 hours worked,1537
161,2021,W02000294,2021 super output areas - middle layer,152,Full-time: 49 or more hours worked,223
162,2021,W02000295,2021 super output areas - middle layer,152,Total: All usual residents aged 16 years and over in employment the week before the census,4409
163,2021,W02000295,2021 super output areas - middle layer,152,Part-time,1076
164,2021,W02000295,2021 super output areas - middle layer,152,Part-time: 15 hours or less worked,268
165,2021,W02000295,2021 super output areas - middle layer,152,Part-time: 16 to 30 hours worked,808
166,2021,W02000295,2021 super output areas - middle layer,152,Full-time,3333
167,2021,W02000295,2021 super output areas - middle layer,152,Full-time: 31 to 48 hours worked,2911
168,2021,W02000295,2021 super output areas - middle layer,152,Full-time: 49 or more hours worked,422
169,2021,W02000296,2021 super output areas - middle layer,152,Total: All usual residents aged 16 years and over in employment the week before the census,3081
170,2021,W02000296,2021 super output areas - middle layer,152,Part-time,812
171,2021,W02000296,2021 super output areas - middle layer,152,Part-time: 15 hours or less worked,189
172,2021,W02000296,2021 super output areas - middle layer,152,Part-time: 16 to 30 hours worked,623
173,2021,W02000296,2021 super output areas - middle layer,152,Full-time,2269
174,2021,W02000296,2021 super output areas - middle layer,152,Full-time: 31 to 48 hours worked,2022
175,2021,W02000296,2021 super output areas - middle layer,152,Full-time: 49 or more hours worked,247
176,2021,W02000297,2021 super output areas - middle layer,152,Total: All usual residents aged 16 years and over in employment the week before the census,3305
177,2021,W02000297,2021 super output areas - middle layer,152,Part-time,838
178,2021,W02000297,2021 super output areas - middle layer,152,Part-time: 15 hours or less worked,217
179,2021,W02000297,2021 super output areas - middle layer,152,Part-time: 16 to 30 hours worked,621
180,2021,W02000297,2021 super output areas - middle layer,152,Full-time,2467
181,2021,W02000297,2021 super output areas - middle layer,152,Full-time: 31 to 48 hours worked,2157
182,2021,W02000297,2021 super output areas - middle layer,152,Full-time: 49 or more hours worked,310
183,2021,W02000298,2021 super output areas - middle layer,152,Total: All usual residents aged 16 years and over in employment the week before the census,3296
184,2021,W02000298,2021 super output areas - middle layer,152,Part-time,794
185,2021,W02000298,2021 super output areas - middle layer,152,Part-time: 15 hours or less worked,227
186,2021,W02000298,2021 super output areas - middle layer,152,Part-time: 16 to 30 hours worked,567
187,2021,W02000298,2021 super output areas - middle layer,152,Full-time,2502
188,2021,W02000298,2021 super output areas - middle layer,152,Full-time: 31 to 48 hours worked,2222
189,2021,W02000298,2021 super output areas - middle layer,152,Full-time: 49 or more hours worked,280
190,2021,W02000299,2021 super output areas - middle layer,152,Total: All usual residents aged 16 years and over in employment the week before the census,2631
191,2021,W02000299,2021 super output areas - middle layer,152,Part-time,724
192,2021,W02000299,2021 super output areas - middle layer,152,Part-time: 15 hours or less worked,206
193,2021,W02000299,2021 super output areas - middle layer,152,Part-time: 16 to 30 hours worked,518
194,2021,W02000299,2021 super output areas - middle layer,152,Full-time,1907
195,2021,W02000299,2021 super output areas - middle layer,152,Full-time: 31 to 48 hours worked,1681
196,2021,W02000299,2021 super output areas - middle layer,152,Full-time: 49 or more hours worked,226
197,2021,W02000300,2021 super output areas - middle layer,152,Total: All usual residents aged 16 years and over in employment the week before the census,3586
198,2021,W02000300,2021 super output areas - middle layer,152,Part-time,917
199,2021,W02000300,2021 super output areas - middle layer,152,Part-time: 15 hours or less worked,239
200,2021,W02000300,2021 super output areas - middle layer,152,Part-time: 16 to 30 hours worked,678
201,2021,W02000300,2021 super output areas - middle layer,152,Full-time,2669
202,2021,W02000300,2021 super output areas - middle layer,152,Full-time: 31 to 48 hours worked,2342
203,2021,W02000300,2021 super output areas - middle layer,152,Full-time: 49 or more hours worked,327
204,2021,W02000301,2021 super output areas - middle layer,152,Total: All usual residents aged 16 years and over in employment the week before the census,3681
205,2021,W02000301,2021 super output areas - middle layer,152,Part-time,909
206,2021,W02000301,2021 super output areas - middle layer,152,Part-time: 15 hours or less worked,228
207,2021,W02000301,2021 super output areas - middle layer,152,Part-time: 16 to 30 hours worked,681
208,2021,W02000301,2021 super output areas - middle layer,152,Full-time,2772
209,2021,W02000301,2021 super output areas - middle layer,152,Full-time: 31 to 48 hours worked,2459
210,2021,W02000301,2021 super output areas - middle layer,152,Full-time: 49 or more hours worked,313
211,2021,W02000302,2021 super output areas - middle layer,152,Total: All usual residents aged 16 years and over in employment the week before the census,4528
212,2021,W02000302,2021 super output areas - middle layer,152,Part-time,1129
213,2021,W02000302,2021 super output areas - middle layer,152,Part-time: 15 hours or less worked,303
214,2021,W02000302,2021 super output areas - middle layer,152,Part-time: 16 to 30 hours worked,826
215,2021,W02000302,2021 super output areas - middle layer,152,Full-time,3399
216,2021,W02000302,2021 super output areas - middle layer,152,Full-time: 31 to 48 hours worked,2969
217,2021,W02000302,2021 super output areas - middle layer,152,Full-time: 49 or more hours worked,430
218,2021,W02000303,2021 super output areas - middle layer,152,Total: All usual residents aged 16 years and over in employment the week before the census,3446
219,2021,W02000303,2021 super output areas - middle layer,152,Part-time,874
220,2021,W02000303,2021 super output areas - middle layer,152,Part-time: 15 hours or less worked,249
221,2021,W02000303,2021 super output areas - middle layer,152,Part-time: 16 to 30 hours worked,625
222,2021,W02000303,2021 super output areas - middle layer,152,Full-time,2572
223,2021,W02000303,2021 super output areas - middle layer,152,Full-time: 31 to 48 hours worked,2307
224,2021,W02000303,2021 super output areas - middle layer,152,Full-time: 49 or more hours worked,265
225,2021,W02000304,2021 super output areas - middle layer,152,Total: All usual residents aged 16 years and over in employment the week before the census,2571
226,2021,W02000304,2021 super output areas - middle layer,152,Part-time,690
227,2021,W02000304,2021 super output areas - middle layer,152,Part-time: 15 hours or less worked,191
228,2021,W02000304,2021 super output areas - middle layer,152,Part-time: 16 to 30 hours worked,499
229,2021,W02000304,2021 super output areas - middle layer,152,Full-time,1881
230,2021,W02000304,2021 super output areas - middle layer,152,Full-time: 31 to 48 hours worked,1650
231,2021,W02000304,2021 super output areas - middle layer,152,Full-time: 49 or more hours worked,231
232,2021,W02000305,2021 super output areas - middle layer,152,Total: All usual residents aged 16 years and over in employment the week before the census,2790
233,2021,W02000305,2021 super output areas - middle layer,152,Part-time,753
234,2021,W02000305,2021 super output areas - middle layer,152,Part-time: 15 hours or less worked,209
235,2021,W02000305,2021 super output areas - middle layer,152,Part-time: 16 to 30 hours worked,544
236,2021,W02000305,2021 super output areas - middle layer,152,Full-time,2037
237,2021,W02000305,2021 super output areas - middle layer,152,Full-time: 31 to 48 hours worked,1817
238,2021,W02000305,2021 super output areas - middle layer,152,Full-time: 49 or more hours worked,220
239,2021,W02000306,2021 super output areas - middle layer,152,Total: All usual residents aged 16 years and over in employment the week before the census,2295
240,2021,W02000306,2021 super output areas - middle layer,152,Part-time,615
241,2021,W02000306,2021 super output areas - middle layer,152,Part-time: 15 hours or less worked,146
242,2021,W02000306,2021 super output areas - middle layer,152,Part-time: 16 to 30 hours worked,469
243,2021,W02000306,2021 super output areas - middle layer,152,Full-time,1680
244,2021,W02000306,2021 super output areas - middle layer,152,Full-time: 31 to 48 hours worked,1494
245,2021,W02000306,2021 super output areas - middle layer,152,Full-time: 49 or more hours worked,186
246,2021,W02000307,2021 super output areas - middle layer,152,Total: All usual residents aged 16 years and over in employment the week before the census,2805
247,2021,W02000307,2021 super output areas - middle layer,152,Part-time,820
248,2021,W02000307,2021 super output areas - middle layer,152,Part-time: 15 hours or less worked,188
249,2021,W02000307,2021 super output areas - middle layer,152,Part-time: 16 to 30 hours worked,632
250,2021,W02000307,2021 super output areas - middle layer,152,Full-time,1985
251,2021,W02000307,2021 super output areas - middle layer,152,Full-time: 31 to 48 hours worked,1756
252,2021,W02000307,2021 super output areas - middle layer,152,Full-time: 49 or more hours worked,229
253,2021,W02000308,2021 super output areas - middle layer,152,Total: All usual residents aged 16 years and over in employment the week before the census,3797
254,2021,W02000308,2021 super output areas - middle layer,152,Part-time,1043
255,2021,W02000308,2021 super output areas - middle layer,152,Part-time: 15 hours or less worked,268
256,2021,W02000308,2021 super output areas - middle layer,152,Part-time: 16 to 30 hours worked,775
257,2021,W02000308,2021 super output areas - middle layer,152,Full-time,2754
258,2021,W02000308,2021 super output areas - middle layer,152,Full-time: 31 to 48 hours worked,2457
259,2021,W02000308,2021 super output areas - middle layer,152,Full-time: 49 or more hours worked,297
260,2021,W02000309,2021 super output areas - middle layer,152,Total: All usual residents aged 16 years and over in employment the week before the census,2985
261,2021,W02000309,2021 super output areas - middle layer,152,Part-time,820
262,2021,W02000309,2021 super output areas - middle layer,152,Part-time: 15 hours or less worked,219
263,2021,W02000309,2021 super output areas - middle layer,152,Part-time: 16 to 30 hours worked,601
264,2021,W02000309,2021 super output areas - middle layer,152,Full-time,2165
265,2021,W02000309,2021 super output areas - middle layer,152,Full-time: 31 to 48 hours worked,1928
266,2021,W02000309,2021 super output areas - middle layer,152,Full-time: 49 or more hours worked,237
267,2021,W02000310,2021 super output areas - middle layer,152,Total: All usual residents aged 16 years and over in employment the week before the census,2256
268,2021,W02000310,2021 super output areas - middle layer,152,Part-time,662
269,2021,W02000310,2021 super output areas - middle layer,152,Part-time: 15 hours or less worked,208
270,2021,W02000310,2021 super output areas - middle layer,152,Part-time: 16 to 30 hours worked,454
271,2021,W02000310,2021 super output areas - middle layer,152,Full-time,1594
272,2021,W02000310,2021 super output areas - middle layer,152,Full-time: 31 to 48 hours worked,1391
273,2021,W02000310,2021 super output areas - middle layer,152,Full-time: 49 or more hours worked,203
274,2021,W02000311,2021 super output areas - middle layer,152,Total: All usual residents aged 16 years and over in employment the week before the census,4131
275,2021,W02000311,2021 super output areas - middle layer,152,Part-time,1209
276,2021,W02000311,2021 super output areas - middle layer,152,Part-time: 15 hours or less worked,362
277,2021,W02000311,2021 super output areas - middle layer,152,Part-time: 16 to 30 hours worked,847
278,2021,W02000311,2021 super output areas - middle layer,152,Full-time,2922
279,2021,W02000311,2021 super output areas - middle layer,152,Full-time: 31 to 48 hours worked,2617
280,2021,W02000311,2021 super output areas - middle layer,152,Full-time: 49 or more hours worked,305
281,2021,W02000312,2021 super output areas - middle layer,152,Total: All usual residents aged 16 years and over in employment the week before the census,3193
282,2021,W02000312,2021 super output areas - middle layer,152,Part-time,902
283,2021,W02000312,2021 super output areas - middle layer,152,Part-time: 15 hours or less worked,248
284,2021,W02000312,2021 super output areas - middle layer,152,Part-time: 16 to 30 hours worked,654
285,2021,W02000312,2021 super output areas - middle layer,152,Full-time,2291
286,2021,W02000312,2021 super output areas - middle layer,152,Full-time: 31 to 48 hours worked,2061
287,2021,W02000312,2021 super output areas - middle layer,152,Full-time: 49 or more hours worked,230
288,2021,W02000313,2021 super output areas - middle layer,152,Total: All usual residents aged 16 years and over in employment the week before the census,5254
289,2021,W02000313,2021 super output areas - middle layer,152,Part-time,1383
290,2021,W02000313,2021 super output areas - middle layer,152,Part-time: 15 hours or less worked,388
291,2021,W02000313,2021 super output areas - middle layer,152,Part-time: 16 to 30 hours worked,995
292,2021,W02000313,2021 super output areas - middle layer,152,Full-time,3871
293,2021,W02000313,2021 super output areas - middle layer,152,Full-time: 31 to 48 hours worked,3384
294,2021,W02000313,2021 super output areas - middle layer,152,Full-time: 49 or more hours worked,487
295,2021,W02000314,2021 super output areas - middle layer,152,Total: All usual residents aged 16 years and over in employment the week before the census,2716
296,2021,W02000314,2021 super output areas - middle layer,152,Part-time,669
297,2021,W02000314,2021 super output areas - middle layer,152,Part-time: 15 hours or less worked,176
298,2021,W02000314,2021 super output areas - middle layer,152,Part-time: 16 to 30 hours worked,493
299,2021,W02000314,2021 super output areas - middle layer,152,Full-time,2047
300,2021,W02000314,2021 super output areas - middle layer,152,Full-time: 31 to 48 hours worked,1805
301,2021,W02000314,2021 super output areas - middle layer,152,Full-time: 49 or more hours worked,242
302,2021,W02000315,2021 super output areas - middle layer,152,Total: All usual residents aged 16 years and over in employment the week before the census,2301
303,2021,W02000315,2021 super output areas - middle layer,152,Part-time,614
304,2021,W02000315,2021 super output areas - middle layer,152,Part-time: 15 hours or less worked,123
305,2021,W02000315,2021 super output areas - middle layer,152,Part-time: 16 to 30 hours worked,491
306,2021,W02000315,2021 super output areas - middle layer,152,Full-time,1687
307,2021,W02000315,2021 super output areas - middle layer,152,Full-time: 31 to 48 hours worked,1491
308,2021,W02000315,2021 super output areas - middle layer,152,Full-time: 49 or more hours worked,196
309,2021,W02000316,2021 super output areas - middle layer,152,Total: All usual residents aged 16 years and over in employment the week before the census,2779
310,2021,W02000316,2021 super output areas - middle layer,152,Part-time,743
311,2021,W02000316,2021 super output areas - middle layer,152,Part-time: 15 hours or less worked,200
312,2021,W02000316,2021 super output areas - middle layer,152,Part-time: 16 to 30 hours worked,543
313,2021,W02000316,2021 super output areas - middle layer,152,Full-time,2036
314,2021,W02000316,2021 super output areas - middle layer,152,Full-time: 31 to 48 hours worked,1799
315,2021,W02000316,2021 super output areas - middle layer,152,Full-time: 49 or more hours worked,237
316,2021,W02000317,2021 super output areas - middle layer,152,Total: All usual residents aged 16 years and over in employment the week before the census,3435
317,2021,W02000317,2021 super output areas - middle layer,152,Part-time,927
318,2021,W02000317,2021 super output areas - middle layer,152,Part-time: 15 hours or less worked,227
319,2021,W02000317,2021 super output areas - middle layer,152,Part-time: 16 to 30 hours worked,700
320,2021,W02000317,2021 super output areas - middle layer,152,Full-time,2508
321,2021,W02000317,2021 super output areas - middle layer,152,Full-time: 31 to 48 hours worked,2254
322,2021,W02000317,2021 super output areas - middle layer,152,Full-time: 49 or more hours worked,254
323,2021,W02000318,2021 super output areas - middle layer,152,Total: All usual residents aged 16 years and over in employment the week before the census,3811
324,2021,W02000318,2021 super output areas - middle layer,152,Part-time,1000
325,2021,W02000318,2021 super output areas - middle layer,152,Part-time: 15 hours or less worked,238
326,2021,W02000318,2021 super output areas - middle layer,152,Part-time: 16 to 30 hours worked,762
327,2021,W02000318,2021 super output areas - middle layer,152,Full-time,2811
328,2021,W02000318,2021 super output areas - middle layer,152,Full-time: 31 to 48 hours worked,2470
329,2021,W02000318,2021 super output areas - middle layer,152,Full-time: 49 or more hours worked,341
330,2021,W02000319,2021 super output areas - middle layer,152,Total: All usual residents aged 16 years and over in employment the week before the census,3515
331,2021,W02000319,2021 super output areas - middle layer,152,Part-time,925
332,2021,W02000319,2021 super output areas - middle layer,152,Part-time: 15 hours or less worked,238
333,2021,W02000319,2021 super output areas - middle layer,152,Part-time: 16 to 30 hours worked,687
334,2021,W02000319,2021 super output areas - middle layer,152,Full-time,2590
335,2021,W02000319,2021 super output areas - middle layer,152,Full-time: 31 to 48 hours worked,2286
336,2021,W02000319,2021 super output areas - middle layer,152,Full-time: 49 or more hours worked,304
337,2021,W02000320,2021 super output areas - middle layer,152,Total: All usual residents aged 16 years and over in employment the week before the census,3703
338,2021,W02000320,2021 super output areas - middle layer,152,Part-time,1032
339,2021,W02000320,2021 super output areas - middle layer,152,Part-time: 15 hours or less worked,274
340,2021,W02000320,2021 super output areas - middle layer,152,Part-time: 16 to 30 hours worked,758
341,2021,W02000320,2021 super output areas - middle layer,152,Full-time,2671
342,2021,W02000320,2021 super output areas - middle layer,152,Full-time: 31 to 48 hours worked,2348
343,2021,W02000320,2021 super output areas - middle layer,152,Full-time: 49 or more hours worked,323
344,2021,W02000321,2021 super output areas - middle layer,152,Total: All usual residents aged 16 years and over in employment the week before the census,3700
345,2021,W02000321,2021 super output areas - middle layer,152,Part-time,977
346,2021,W02000321,2021 super output areas - middle layer,152,Part-time: 15 hours or less worked,276
347,2021,W02000321,2021 super output areas - middle layer,152,Part-time: 16 to 30 hours worked,701
348,2021,W02000321,2021 super output areas - middle layer,152,Full-time,2723
349,2021,W02000321,2021 super output areas - middle layer,152,Full-time: 31 to 48 hours worked,2460
350,2021,W02000321,2021 super output areas - middle layer,152,Full-time: 49 or more hours worked,263
351,2021,W02000322,2021 super output areas - middle layer,152,Total: All usual residents aged 16 years and over in employment the week before the census,2835
352,2021,W02000322,2021 super output areas - middle layer,152,Part-time,698
353,2021,W02000322,2021 super output areas - middle layer,152,Part-time: 15 hours or less worked,195
354,2021,W02000322,2021 super output areas - middle layer,152,Part-time: 16 to 30 hours worked,503
355,2021,W02000322,2021 super output areas - middle layer,152,Full-time,2137
356,2021,W02000322,2021 super output areas - middle layer,152,Full-time: 31 to 48 hours worked,1904
357,2021,W02000322,2021 super output areas - middle layer,152,Full-time: 49 or more hours worked,233
358,2021,W02000323,2021 super output areas - middle layer,152,Total: All usual residents aged 16 years and over in employment the week before the census,2526
359,2021,W02000323,2021 super output areas - middle layer,152,Part-time,666
360,2021,W02000323,2021 super output areas - middle layer,152,Part-time: 15 hours or less worked,179
361,2021,W02000323,2021 super output areas - middle layer,152,Part-time: 16 to 30 hours worked,487
362,2021,W02000323,2021 super output areas - middle layer,152,Full-time,1860
363,2021,W02000323,2021 super output areas - middle layer,152,Full-time: 31 to 48 hours worked,1682
364,2021,W02000323,2021 super output areas - middle layer,152,Full-time: 49 or more hours worked,178
365,2021,W02000324,2021 super output areas - middle layer,152,Total: All usual residents aged 16 years and over in employment the week before the census,2972
366,2021,W02000324,2021 super output areas - middle layer,152,Part-time,809
367,2021,W02000324,2021 super output areas - middle layer,152,Part-time: 15 hours or less worked,216
368,2021,W02000324,2021 super output areas - middle layer,152,Part-time: 16 to 30 hours worked,593
369,2021,W02000324,2021 super output areas - middle layer,152,Full-time,2163
370,2021,W02000324,2021 super output areas - middle layer,152,Full-time: 31 to 48 hours worked,1892
371,2021,W02000324,2021 super output areas - middle layer,152,Full-time: 49 or more hours worked,271
372,2021,W02000325,2021 super output areas - middle layer,152,Total: All usual residents aged 16 years and over in employment the week before the census,2930
373,2021,W02000325,2021 super output areas - middle layer,152,Part-time,895
374,2021,W02000325,2021 super output areas - middle layer,152,Part-time: 15 hours or less worked,257
375,2021,W02000325,2021 super output areas - middle layer,152,Part-time: 16 to 30 hours worked,638
376,2021,W02000325,2021 super output areas - middle layer,152,Full-time,2035
377,2021,W02000325,2021 super output areas - middle layer,152,Full-time: 31 to 48 hours worked,1791
378,2021,W02000325,2021 super output areas - middle layer,152,Full-time: 49 or more hours worked,244
379,2021,W02000326,2021 super output areas - middle layer,152,Total: All usual residents aged 16 years and over in employment the week before the census,3908
380,2021,W02000326,2021 super output areas - middle layer,152,Part-time,1058
381,2021,W02000326,2021 super output areas - middle layer,152,Part-time: 15 hours or less worked,264
382,2021,W02000326,2021 super output areas - middle layer,152,Part-time: 16 to 30 hours worked,794
383,2021,W02000326,2021 super output areas - middle layer,152,Full-time,2850
384,2021,W02000326,2021 super output areas - middle layer,152,Full-time: 31 to 48 hours worked,2534
385,2021,W02000326,2021 super output areas - middle layer,152,Full-time: 49 or more hours worked,316
386,2021,W02000327,2021 super output areas - middle layer,152,Total: All usual residents aged 16 years and over in employment the week before the census,2526
387,2021,W02000327,2021 super output areas - middle layer,152,Part-time,651
388,2021,W02000327,2021 super output areas - middle layer,152,Part-time: 15 hours or less worked,167
389,2021,W02000327,2021 super output areas - middle layer,152,Part-time: 16 to 30 hours worked,484
390,2021,W02000327,2021 super output areas - middle layer,152,Full-time,1875
391,2021,W02000327,2021 super output areas - middle layer,152,Full-time: 31 to 48 hours worked,1644
392,2021,W02000327,2021 super output areas - middle layer,152,Full-time: 49 or more hours worked,231
393,2021,W02000328,2021 super output areas - middle layer,152,Total: All usual residents aged 16 years and over in employment the week before the census,3609
394,2021,W02000328,2021 super output areas - middle layer,152,Part-time,885
395,2021,W02000328,2021 super output areas - middle layer,152,Part-time: 15 hours or less worked,227
396,2021,W02000328,2021 super output areas - middle layer,152,Part-time: 16 to 30 hours worked,658
397,2021,W02000328,2021 super output areas - middle layer,152,Full-time,2724
398,2021,W02000328,2021 super output areas - middle layer,152,Full-time: 31 to 48 hours worked,2438
399,2021,W02000328,2021 super output areas - middle layer,152,Full-time: 49 or more hours worked,286
400,2021,W02000329,2021 super output areas - middle layer,152,Total: All usual residents aged 16 years and over in employment the week before the census,3770
401,2021,W02000329,2021 super output areas - middle layer,152,Part-time,1031
402,2021,W02000329,2021 super output areas - middle layer,152,Part-time: 15 hours or less worked,321
403,2021,W02000329,2021 super output areas - middle layer,152,Part-time: 16 to 30 hours worked,710
404,2021,W02000329,2021 super output areas - middle layer,152,Full-time,2739
405,2021,W02000329,2021 super output areas - middle layer,152,Full-time: 31 to 48 hours worked,2419
406,2021,W02000329,2021 super output areas - middle layer,152,Full-time: 49 or more hours worked,320
407,2021,W02000330,2021 super output areas - middle layer,152,Total: All usual residents aged 16 years and over in employment the week before the census,3095
408,2021,W02000330,2021 super output areas - middle layer,152,Part-time,832
409,2021,W02000330,2021 super output areas - middle layer,152,Part-time: 15 hours or less worked,226
410,2021,W02000330,2021 super output areas - middle layer,152,Part-time: 16 to 30 hours worked,606
411,2021,W02000330,2021 super output areas - middle layer,152,Full-time,2263
412,2021,W02000330,2021 super output areas - middle layer,152,Full-time: 31 to 48 hours worked,1987
413,2021,W02000330,2021 super output areas - middle layer,152,Full-time: 49 or more hours worked,276
414,2021,W02000331,2021 super output areas - middle layer,152,Total: All usual residents aged 16 years and over in employment the week before the census,2577
415,2021,W02000331,2021 super output areas - middle layer,152,Part-time,806
416,2021,W02000331,2021 super output areas - middle layer,152,Part-time: 15 hours or less worked,219
417,2021,W02000331,2021 super output areas - middle layer,152,Part-time: 16 to 30 hours worked,587
418,2021,W02000331,2021 super output areas - middle layer,152,Full-time,1771
419,2021,W02000331,2021 super output areas - middle layer,152,Full-time: 31 to 48 hours worked,1591
420,2021,W02000331,2021 super output areas - middle layer,152,Full-time: 49 or more hours worked,180
421,2021,W02000332,2021 super output areas - middle layer,152,Total: All usual residents aged 16 years and over in employment the week before the census,3213
422,2021,W02000332,2021 super output areas - middle layer,152,Part-time,872
423,2021,W02000332,2021 super output areas - middle layer,152,Part-time: 15 hours or less worked,216
424,2021,W02000332,2021 super output areas - middle layer,152,Part-time: 16 to 30 hours worked,656
425,2021,W02000332,2021 super output areas - middle layer,152,Full-time,2341
426,2021,W02000332,2021 super output areas - middle layer,152,Full-time: 31 to 48 hours worked,2058
427,2021,W02000332,2021 super output areas - middle layer,152,Full-time: 49 or more hours worked,283
428,2021,W02000333,2021 super output areas - middle layer,152,Total: All usual residents aged 16 years and over in employment the week before the census,2888
429,2021,W02000333,2021 super output areas - middle layer,152,Part-time,815
430,2021,W02000333,2021 super output areas - middle layer,152,Part-time: 15 hours or less worked,202
431,2021,W02000333,2021 super output areas - middle layer,152,Part-time: 16 to 30 hours worked,613
432,2021,W02000333,2021 super output areas - middle layer,152,Full-time,2073
433,2021,W02000333,2021 super output areas - middle layer,152,Full-time: 31 to 48 hours worked,1849
434,2021,W02000333,2021 super output areas - middle layer,152,Full-time: 49 or more hours worked,224
435,2021,W02000334,2021 super output areas - middle layer,152,Total: All usual residents aged 16 years and over in employment the week before the census,3084
436,2021,W02000334,2021 super output areas - middle layer,152,Part-time,859
437,2021,W02000334,2021 super output areas - middle layer,152,Part-time: 15 hours or less worked,270
438,2021,W02000334,2021 super output areas - middle layer,152,Part-time: 16 to 30 hours worked,589
439,2021,W02000334,2021 super output areas - middle layer,152,Full-time,2225
440,2021,W02000334,2021 super output areas - middle layer,152,Full-time: 31 to 48 hours worked,1943
441,2021,W02000334,2021 super output areas - middle layer,152,Full-time: 49 or more hours worked,282
442,2021,W02000335,2021 super output areas - middle layer,152,Total: All usual residents aged 16 years and over in employment the week before the census,3556
443,2021,W02000335,2021 super output areas - middle layer,152,Part-time,902
444,2021,W02000335,2021 super output areas - middle layer,152,Part-time: 15 hours or less worked,273
445,2021,W02000335,2021 super output areas - middle layer,152,Part-time: 16 to 30 hours worked,629
446,2021,W02000335,2021 super output areas - middle layer,152,Full-time,2654
447,2021,W02000335,2021 super output areas - middle layer,152,Full-time: 31 to 48 hours worked,2299
448,2021,W02000335,2021 super output areas - middle layer,152,Full-time: 49 or more hours worked,355
449,2021,W02000336,2021 super output areas - middle layer,152,Total: All usual residents aged 16 years and over in employment the week before the census,3883
450,2021,W02000336,2021 super output areas - middle layer,152,Part-time,1264
451,2021,W02000336,2021 super output areas - middle layer,152,Part-time: 15 hours or less worked,445
452,2021,W02000336,2021 super output areas - middle layer,152,Part-time: 16 to 30 hours worked,819
453,2021,W02000336,2021 super output areas - middle layer,152,Full-time,2619
454,2021,W02000336,2021 super output areas - middle layer,152,Full-time: 31 to 48 hours worked,2085
455,2021,W02000336,2021 super output areas - middle layer,152,Full-time: 49 or more hours worked,534
456,2021,W02000337,2021 super output areas - middle layer,152,Total: All usual residents aged 16 years and over in employment the week before the census,3126
457,2021,W02000337,2021 super output areas - middle layer,152,Part-time,1028
458,2021,W02000337,2021 super output areas - middle layer,152,Part-time: 15 hours or less worked,339
459,2021,W02000337,2021 super output areas - middle layer,152,Part-time: 16 to 30 hours worked,689
460,2021,W02000337,2021 super output areas - middle layer,152,Full-time,2098
461,2021,W02000337,2021 super output areas - middle layer,152,Full-time: 31 to 48 hours worked,1766
462,2021,W02000337,2021 super output areas - middle layer,152,Full-time: 49 or more hours worked,332
463,2021,W02000338,2021 super output areas - middle layer,152,Total: All usual residents aged 16 years and over in employment the week before the census,3718
464,2021,W02000338,2021 super output areas - middle layer,152,Part-time,1170
465,2021,W02000338,2021 super output areas - middle layer,152,Part-time: 15 hours or less worked,360
466,2021,W02000338,2021 super output areas - middle layer,152,Part-time: 16 to 30 hours worked,810
467,2021,W02000338,2021 super output areas - middle layer,152,Full-time,2548
468,2021,W02000338,2021 super output areas - middle layer,152,Full-time: 31 to 48 hours worked,2135
469,2021,W02000338,2021 super output areas - middle layer,152,Full-time: 49 or more hours worked,413
470,2021,W02000339,2021 super output areas - middle layer,152,Total: All usual residents aged 16 years and over in employment the week before the census,4770
471,2021,W02000339,2021 super output areas - middle layer,152,Part-time,1483
472,2021,W02000339,2021 super output areas - middle layer,152,Part-time: 15 hours or less worked,494
473,2021,W02000339,2021 super output areas - middle layer,152,Part-time: 16 to 30 hours worked,989
474,2021,W02000339,2021 super output areas - middle layer,152,Full-time,3287
475,2021,W02000339,2021 super output areas - middle layer,152,Full-time: 31 to 48 hours worked,2707
476,2021,W02000339,2021 super output areas - middle layer,152,Full-time: 49 or more hours worked,580
477,2021,W02000340,2021 super output areas - middle layer,152,Total: All usual residents aged 16 years and over in employment the week before the census,3382
478,2021,W02000340,2021 super output areas - middle layer,152,Part-time,1085
479,2021,W02000340,2021 super output areas - middle layer,152,Part-time: 15 hours or less worked,399
480,2021,W02000340,2021 super output areas - middle layer,152,Part-time: 16 to 30 hours worked,686
481,2021,W02000340,2021 super output areas - middle layer,152,Full-time,2297
482,2021,W02000340,2021 super output areas - middle layer,152,Full-time: 31 to 48 hours worked,1655
483,2021,W02000340,2021 super output areas - middle layer,152,Full-time: 49 or more hours worked,642
484,2021,W02000341,2021 super output areas - middle layer,152,Total: All usual residents aged 16 years and over in employment the week before the census,3800
485,2021,W02000341,2021 super output areas - middle layer,152,Part-time,1177
486,2021,W02000341,2021 super output areas - middle layer,152,Part-time: 15 hours or less worked,462
487,2021,W02000341,2021 super output areas - middle layer,152,Part-time: 16 to 30 hours worked,715
488,2021,W02000341,2021 super output areas - middle layer,152,Full-time,2623
489,2021,W02000341,2021 super output areas - middle layer,152,Full-time: 31 to 48 hours worked,2007
490,2021,W02000341,2021 super output areas - middle layer,152,Full-time: 49 or more hours worked,616
491,2021,W02000342,2021 super output areas - middle layer,152,Total: All usual residents aged 16 years and over in employment the week before the census,4403
492,2021,W02000342,2021 super output areas - middle layer,152,Part-time,1388
493,2021,W02000342,2021 super output areas - middle layer,152,Part-time: 15 hours or less worked,494
494,2021,W02000342,2021 super output areas - middle layer,152,Part-time: 16 to 30 hours worked,894
495,2021,W02000342,2021 super output areas - middle layer,152,Full-time,3015
496,2021,W02000342,2021 super output areas - middle layer,152,Full-time: 31 to 48 hours worked,2378
497,2021,W02000342,2021 super output areas - middle layer,152,Full-time: 49 or more hours worked,637
498,2021,W02000343,2021 super output areas - middle layer,152,Total: All usual residents aged 16 years and over in employment the week before the census,4014
499,2021,W02000343,2021 super output areas - middle layer,152,Part-time,1112
500,2021,W02000343,2021 super output areas - middle layer,152,Part-time: 15 hours or less worked,370
501,2021,W02000343,2021 super output areas - middle layer,152,Part-time: 16 to 30 hours worked,742
502,2021,W02000343,2021 super output areas - middle layer,152,Full-time,2902
503,2021,W02000343,2021 super output areas - middle layer,152,Full-time: 31 to 48 hours worked,2504
504,2021,W02000343,2021 super output areas - middle layer,152,Full-time: 49 or more hours worked,398
505,2021,W02000344,2021 super output areas - middle layer,152,Total: All usual residents aged 16 years and over in employment the week before the census,4153
506,2021,W02000344,2021 super output areas - middle layer,152,Part-time,1183
507,2021,W02000344,2021 super output areas - middle layer,152,Part-time: 15 hours or less worked,406
508,2021,W02000344,2021 super output areas - middle layer,152,Part-time: 16 to 30 hours worked,777
509,2021,W02000344,2021 super output areas - middle layer,152,Full-time,2970
510,2021,W02000344,2021 super output areas - middle layer,152,Full-time: 31 to 48 hours worked,2415
511,2021,W02000344,2021 super output areas - middle layer,152,Full-time: 49 or more hours worked,555
512,2021,W02000345,2021 super output areas - middle layer,152,Total: All usual residents aged 16 years and over in employment the week before the census,3505
513,2021,W02000345,2021 super output areas - middle layer,152,Part-time,1055
514,2021,W02000345,2021 super output areas - middle layer,152,Part-time: 15 hours or less worked,289
515,2021,W02000345,2021 super output areas - middle layer,152,Part-time: 16 to 30 hours worked,766
516,2021,W02000345,2021 super output areas - middle layer,152,Full-time,2450
517,2021,W02000345,2021 super output areas - middle layer,152,Full-time: 31 to 48 hours worked,2112
518,2021,W02000345,2021 super output areas - middle layer,152,Full-time: 49 or more hours worked,338
519,2021,W02000346,2021 super output areas - middle layer,152,Total: All usual residents aged 16 years and over in employment the week before the census,4078
520,2021,W02000346,2021 super output areas - middle layer,152,Part-time,1102
521,2021,W02000346,2021 super output areas - middle layer,152,Part-time: 15 hours or less worked,385
522,2021,W02000346,2021 super output areas - middle layer,152,Part-time: 16 to 30 hours worked,717
523,2021,W02000346,2021 super output areas - middle layer,152,Full-time,2976
524,2021,W02000346,2021 super output areas - middle layer,152,Full-time: 31 to 48 hours worked,2547
525,2021,W02000346,2021 super output areas - middle layer,152,Full-time: 49 or more hours worked,429
526,2021,W02000347,2021 super output areas - middle layer,152,Total: All usual residents aged 16 years and over in employment the week before the census,3647
527,2021,W02000347,2021 super output areas - middle layer,152,Part-time,1006
528,2021,W02000347,2021 super output areas - middle layer,152,Part-time: 15 hours or less worked,314
529,2021,W02000347,2021 super output areas - middle layer,152,Part-time: 16 to 30 hours worked,692
530,2021,W02000347,2021 super output areas - middle layer,152,Full-time,2641
531,2021,W02000347,2021 super output areas - middle layer,152,Full-time: 31 to 48 hours worked,2240
532,2021,W02000347,2021 super output areas - middle layer,152,Full-time: 49 or more hours worked,401
533,2021,W02000348,2021 super output areas - middle layer,152,Total: All usual residents aged 16 years and over in employment the week before the census,3370
534,2021,W02000348,2021 super output areas - middle layer,152,Part-time,1006
535,2021,W02000348,2021 super output areas - middle layer,152,Part-time: 15 hours or less worked,256
536,2021,W02000348,2021 super output areas - middle layer,152,Part-time: 16 to 30 hours worked,750
537,2021,W02000348,2021 super output areas - middle layer,152,Full-time,2364
538,2021,W02000348,2021 super output areas - middle layer,152,Full-time: 31 to 48 hours worked,2074
539,2021,W02000348,2021 super output areas - middle layer,152,Full-time: 49 or more hours worked,290
540,2021,W02000349,2021 super output areas - middle layer,152,Total: All usual residents aged 16 years and over in employment the week before the census,3306
541,2021,W02000349,2021 super output areas - middle layer,152,Part-time,998
542,2021,W02000349,2021 super output areas - middle layer,152,Part-time: 15 hours or less worked,219
543,2021,W02000349,2021 super output areas - middle layer,152,Part-time: 16 to 30 hours worked,779
544,2021,W02000349,2021 super output areas - middle layer,152,Full-time,2308
545,2021,W02000349,2021 super output areas - middle layer,152,Full-time: 31 to 48 hours worked,2051
546,2021,W02000349,2021 super output areas - middle layer,152,Full-time: 49 or more hours worked,257
547,2021,W02000350,2021 super output areas - middle layer,152,Total: All usual residents aged 16 years and over in employment the week before the census,5035
548,2021,W02000350,2021 super output areas - middle layer,152,Part-time,1294
549,2021,W02000350,2021 super output areas - middle layer,152,Part-time: 15 hours or less worked,410
550,2021,W02000350,2021 super output areas - middle layer,152,Part-time: 16 to 30 hours worked,884
551,2021,W02000350,2021 super output areas - middle layer,152,Full-time,3741
552,2021,W02000350,2021 super output areas - middle layer,152,Full-time: 31 to 48 hours worked,3136
553,2021,W02000350,2021 super output areas - middle layer,152,Full-time: 49 or more hours worked,605
554,2021,W02000351,2021 super output areas - middle layer,152,Total: All usual residents aged 16 years and over in employment the week before the census,2627
555,2021,W02000351,2021 super output areas - middle layer,152,Part-time,791
556,2021,W02000351,2021 super output areas - middle layer,152,Part-time: 15 hours or less worked,219
557,2021,W02000351,2021 super output areas - middle layer,152,Part-time: 16 to 30 hours worked,572
558,2021,W02000351,2021 super output areas - middle layer,152,Full-time,1836
559,2021,W02000351,2021 super output areas - middle layer,152,Full-time: 31 to 48 hours worked,1602
560,2021,W02000351,2021 super output areas - middle layer,152,Full-time: 49 or more hours worked,234
561,2021,W02000352,2021 super output areas - middle layer,152,Total: All usual residents aged 16 years and over in employment the week before the census,3018
562,2021,W02000352,2021 super output areas - middle layer,152,Part-time,909
563,2021,W02000352,2021 super output areas - middle layer,152,Part-time: 15 hours or less worked,238
564,2021,W02000352,2021 super output areas - middle layer,152,Part-time: 16 to 30 hours worked,671
565,2021,W02000352,2021 super output areas - middle layer,152,Full-time,2109
566,2021,W02000352,2021 super output areas - middle layer,152,Full-time: 31 to 48 hours worked,1868
567,2021,W02000352,2021 super output areas - middle layer,152,Full-time: 49 or more hours worked,241
568,2021,W02000353,2021 super output areas - middle layer,152,Total: All usual residents aged 16 years and over in employment the week before the census,3637
569,2021,W02000353,2021 super output areas - middle layer,152,Part-time,1043
570,2021,W02000353,2021 super output areas - middle layer,152,Part-time: 15 hours or less worked,273
571,2021,W02000353,2021 super output areas - middle layer,152,Part-time: 16 to 30 hours worked,770
572,2021,W02000353,2021 super output areas - middle layer,152,Full-time,2594
573,2021,W02000353,2021 super output areas - middle layer,152,Full-time: 31 to 48 hours worked,2331
574,2021,W02000353,2021 super output areas - middle layer,152,Full-time: 49 or more hours worked,263
575,2021,W02000354,2021 super output areas - middle layer,152,Total: All usual residents aged 16 years and over in employment the week before the census,2568
576,2021,W02000354,2021 super output areas - middle layer,152,Part-time,759
577,2021,W02000354,2021 super output areas - middle layer,152,Part-time: 15 hours or less worked,204
578,2021,W02000354,2021 super output areas - middle layer,152,Part-time: 16 to 30 hours worked,555
579,2021,W02000354,2021 super output areas - middle layer,152,Full-time,1809
580,2021,W02000354,2021 super output areas - middle layer,152,Full-time: 31 to 48 hours worked,1572
581,2021,W02000354,2021 super output areas - middle layer,152,Full-time: 49 or more hours worked,237
582,2021,W02000355,2021 super output areas - middle layer,152,Total: All usual residents aged 16 years and over in employment the week before the census,4942
583,2021,W02000355,2021 super output areas - middle layer,152,Part-time,1234
584,2021,W02000355,2021 super output areas - middle layer,152,Part-time: 15 hours or less worked,356
585,2021,W02000355,2021 super output areas - middle layer,152,Part-time: 16 to 30 hours worked,878
586,2021,W02000355,2021 super output areas - middle layer,152,Full-time,3708
587,2021,W02000355,2021 super output areas - middle layer,152,Full-time: 31 to 48 hours worked,3263
588,2021,W02000355,2021 super output areas - middle layer,152,Full-time: 49 or more hours worked,445
589,2021,W02000356,2021 super output areas - middle layer,152,Total: All usual residents aged 16 years and over in employment the week before the census,1950
590,2021,W02000356,2021 super output areas - middle layer,152,Part-time,689
591,2021,W02000356,2021 super output areas - middle layer,152,Part-time: 15 hours or less worked,181
592,2021,W02000356,2021 super output areas - middle layer,152,Part-time: 16 to 30 hours worked,508
593,2021,W02000356,2021 super output areas - middle layer,152,Full-time,1261
594,2021,W02000356,2021 super output areas - middle layer,152,Full-time: 31 to 48 hours worked,1116
595,2021,W02000356,2021 super output areas - middle layer,152,Full-time: 49 or more hours worked,145
596,2021,W02000357,2021 super output areas - middle layer,152,Total: All usual residents aged 16 years and over in employment the week before the census,3910
597,2021,W02000357,2021 super output areas - middle layer,152,Part-time,1206
598,2021,W02000357,2021 super output areas - middle layer,152,Part-time: 15 hours or less worked,326
599,2021,W02000357,2021 super output areas - middle layer,152,Part-time: 16 to 30 hours worked,880
600,2021,W02000357,2021 super output areas - middle layer,152,Full-time,2704
601,2021,W02000357,2021 super output areas - middle layer,152,Full-time: 31 to 48 hours worked,2437
602,2021,W02000357,2021 super output areas - middle layer,152,Full-time: 49 or more hours worked,267
603,2021,W02000358,2021 super output areas - middle layer,152,Total: All usual residents aged 16 years and over in employment the week before the census,3107
604,2021,W02000358,2021 super output areas - middle layer,152,Part-time,768
605,2021,W02000358,2021 super output areas - middle layer,152,Part-time: 15 hours or less worked,250
606,2021,W02000358,2021 super output areas - middle layer,152,Part-time: 16 to 30 hours worked,518
607,2021,W02000358,2021 super output areas - middle layer,152,Full-time,2339
608,2021,W02000358,2021 super output areas - middle layer,152,Full-time: 31 to 48 hours worked,1969
609,2021,W02000358,2021 super output areas - middle layer,152,Full-time: 49 or more hours worked,370
610,2021,W02000359,2021 super output areas - middle layer,152,Total: All usual residents aged 16 years and over in employment the week before the census,5557
611,2021,W02000359,2021 super output areas - middle layer,152,Part-time,1617
612,2021,W02000359,2021 super output areas - middle layer,152,Part-time: 15 hours or less worked,433
613,2021,W02000359,2021 super output areas - middle layer,152,Part-time: 16 to 30 hours worked,1184
614,2021,W02000359,2021 super output areas - middle layer,152,Full-time,3940
615,2021,W02000359,2021 super output areas - middle layer,152,Full-time: 31 to 48 hours worked,3526
616,2021,W02000359,2021 super output areas - middle layer,152,Full-time: 49 or more hours worked,414
617,2021,W02000360,2021 super output areas - middle layer,152,Total: All usual residents aged 16 years and over in employment the week before the census,3081
618,2021,W02000360,2021 super output areas - middle layer,152,Part-time,863
619,2021,W02000360,2021 super output areas - middle layer,152,Part-time: 15 hours or less worked,287
620,2021,W02000360,2021 super output areas - middle layer,152,Part-time: 16 to 30 hours worked,576
621,2021,W02000360,2021 super output areas - middle layer,152,Full-time,2218
622,2021,W02000360,2021 super output areas - middle layer,152,Full-time: 31 to 48 hours worked,1929
623,2021,W02000360,2021 super output areas - middle layer,152,Full-time: 49 or more hours worked,289
624,2021,W02000361,2021 super output areas - middle layer,152,Total: All usual residents aged 16 years and over in employment the week before the census,5167
625,2021,W02000361,2021 super output areas - middle layer,152,Part-time,1586
626,2021,W02000361,2021 super output areas - middle layer,152,Part-time: 15 hours or less worked,413
627,2021,W02000361,2021 super output areas - middle layer,152,Part-time: 16 to 30 hours worked,1173
628,2021,W02000361,2021 super output areas - middle layer,152,Full-time,3581
629,2021,W02000361,2021 super output areas - middle layer,152,Full-time: 31 to 48 hours worked,3159
630,2021,W02000361,2021 super output areas - middle layer,152,Full-time: 49 or more hours worked,422
631,2021,W02000362,2021 super output areas - middle layer,152,Total: All usual residents aged 16 years and over in employment the week before the census,3482
632,2021,W02000362,2021 super output areas - middle layer,152,Part-time,870
633,2021,W02000362,2021 super output areas - middle layer,152,Part-time: 15 hours or less worked,245
634,2021,W02000362,2021 super output areas - middle layer,152,Part-time: 16 to 30 hours worked,625
635,2021,W02000362,2021 super output areas - middle layer,152,Full-time,2612
636,2021,W02000362,2021 super output areas - middle layer,152,Full-time: 31 to 48 hours worked,2238
637,2021,W02000362,2021 super output areas - middle layer,152,Full-time: 49 or more hours worked,374
638,2021,W02000363,2021 super output areas - middle layer,152,Total: All usual residents aged 16 years and over in employment the week before the census,2554
639,2021,W02000363,2021 super output areas - middle layer,152,Part-time,776
640,2021,W02000363,2021 super output areas - middle layer,152,Part-time: 15 hours or less worked,196
641,2021,W02000363,2021 super output areas - middle layer,152,Part-time: 16 to 30 hours worked,580
642,2021,W02000363,2021 super output areas - middle layer,152,Full-time,1778
643,2021,W02000363,2021 super output areas - middle layer,152,Full-time: 31 to 48 hours worked,1589
644,2021,W02000363,2021 super output areas - middle layer,152,Full-time: 49 or more hours worked,189
645,2021,W02000364,2021 super output areas - middle layer,152,Total: All usual residents aged 16 years and over in employment the week before the census,3648
646,2021,W02000364,2021 super output areas - middle layer,152,Part-time,1117
647,2021,W02000364,2021 super output areas - middle layer,152,Part-time: 15 hours or less worked,329
648,2021,W02000364,2021 super output areas - middle layer,152,Part-time: 16 to 30 hours worked,788
649,2021,W02000364,2021 super output areas - middle layer,152,Full-time,2531
650,2021,W02000364,2021 super output areas - middle layer,152,Full-time: 31 to 48 hours worked,2252
651,2021,W02000364,2021 super output areas - middle layer,152,Full-time: 49 or more hours worked,279
652,2021,W02000365,2021 super output areas - middle layer,152,Total: All usual residents aged 16 years and over in employment the week before the census,3745
653,2021,W02000365,2021 super output areas - middle layer,152,Part-time,1017
654,2021,W02000365,2021 super output areas - middle layer,152,Part-time: 15 hours or less worked,258
655,2021,W02000365,2021 super output areas - middle layer,152,Part-time: 16 to 30 hours worked,759
656,2021,W02000365,2021 super output areas - middle layer,152,Full-time,2728
657,2021,W02000365,2021 super output areas - middle layer,152,Full-time: 31 to 48 hours worked,2407
658,2021,W02000365,2021 super output areas - middle layer,152,Full-time: 49 or more hours worked,321
659,2021,W02000366,2021 super output areas - middle layer,152,Total: All usual residents aged 16 years and over in employment the week before the census,4441
660,2021,W02000366,2021 super output areas - middle layer,152,Part-time,1105
661,2021,W02000366,2021 super output areas - middle layer,152,Part-time: 15 hours or less worked,356
662,2021,W02000366,2021 super output areas - middle layer,152,Part-time: 16 to 30 hours worked,749
663,2021,W02000366,2021 super output areas - middle layer,152,Full-time,3336
664,2021,W02000366,2021 super output areas - middle layer,152,Full-time: 31 to 48 hours worked,2803
665,2021,W02000366,2021 super output areas - middle layer,152,Full-time: 49 or more hours worked,533
666,2021,W02000097,2021 super output areas - middle layer,152,Total: All usual residents aged 16 years and over in employment the week before the census,4406
667,2021,W02000097,2021 super output areas - middle layer,152,Part-time,1461
668,2021,W02000097,2021 super output areas - middle layer,152,Part-time: 15 hours or less worked,536
669,2021,W02000097,2021 super output areas - middle layer,152,Part-time: 16 to 30 hours worked,925
670,2021,W02000097,2021 super output areas - middle layer,152,Full-time,2945
671,2021,W02000097,2021 super output areas - middle layer,152,Full-time: 31 to 48 hours worked,2030
672,2021,W02000097,2021 super output areas - middle layer,152,Full-time: 49 or more hours worked,915
673,2021,W02000098,2021 super output areas - middle layer,152,Total: All usual residents aged 16 years and over in employment the week before the census,3111
674,2021,W02000098,2021 super output areas - middle layer,152,Part-time,916
675,2021,W02000098,2021 super output areas - middle layer,152,Part-time: 15 hours or less worked,283
676,2021,W02000098,2021 super output areas - middle layer,152,Part-time: 16 to 30 hours worked,633
677,2021,W02000098,2021 super output areas - middle layer,152,Full-time,2195
678,2021,W02000098,2021 super output areas - middle layer,152,Full-time: 31 to 48 hours worked,1668
679,2021,W02000098,2021 super output areas - middle layer,152,Full-time: 49 or more hours worked,527
680,2021,W02000099,2021 super output areas - middle layer,152,Total: All usual residents aged 16 years and over in employment the week before the census,3030
681,2021,W02000099,2021 super output areas - middle layer,152,Part-time,974
682,2021,W02000099,2021 super output areas - middle layer,152,Part-time: 15 hours or less worked,291
683,2021,W02000099,2021 super output areas - middle layer,152,Part-time: 16 to 30 hours worked,683
684,2021,W02000099,2021 super output areas - middle layer,152,Full-time,2056
685,2021,W02000099,2021 super output areas - middle layer,152,Full-time: 31 to 48 hours worked,1764
686,2021,W02000099,2021 super output areas - middle layer,152,Full-time: 49 or more hours worked,292
687,2021,W02000100,2021 super output areas - middle layer,152,Total: All usual residents aged 16 years and over in employment the week before the census,2966
688,2021,W02000100,2021 super output areas - middle layer,152,Part-time,1012
689,2021,W02000100,2021 super output areas - middle layer,152,Part-time: 15 hours or less worked,321
690,2021,W02000100,2021 super output areas - middle layer,152,Part-time: 16 to 30 hours worked,691
691,2021,W02000100,2021 super output areas - middle layer,152,Full-time,1954
692,2021,W02000100,2021 super output areas - middle layer,152,Full-time: 31 to 48 hours worked,1485
693,2021,W02000100,2021 super output areas - middle layer,152,Full-time: 49 or more hours worked,469
694,2021,W02000101,2021 super output areas - middle layer,152,Total: All usual residents aged 16 years and over in employment the week before the census,2717
695,2021,W02000101,2021 super output areas - middle layer,152,Part-time,845
696,2021,W02000101,2021 super output areas - middle layer,152,Part-time: 15 hours or less worked,310
697,2021,W02000101,2021 super output areas - middle layer,152,Part-time: 16 to 30 hours worked,535
698,2021,W02000101,2021 super output areas - middle layer,152,Full-time,1872
699,2021,W02000101,2021 super output areas - middle layer,152,Full-time: 31 to 48 hours worked,1407
700,2021,W02000101,2021 super output areas - middle layer,152,Full-time: 49 or more hours worked,465
701,2021,W02000102,2021 super output areas - middle layer,152,Total: All usual residents aged 16 years and over in employment the week before the census,3012
702,2021,W02000102,2021 super output areas - middle layer,152,Part-time,973
703,2021,W02000102,2021 super output areas - middle layer,152,Part-time: 15 hours or less worked,332
704,2021,W02000102,2021 super output areas - middle layer,152,Part-time: 16 to 30 hours worked,641
705,2021,W02000102,2021 super output areas - middle layer,152,Full-time,2039
706,2021,W02000102,2021 super output areas - middle layer,152,Full-time: 31 to 48 hours worked,1457
707,2021,W02000102,2021 super output areas - middle layer,152,Full-time: 49 or more hours worked,582
708,2021,W02000103,2021 super output areas - middle layer,152,Total: All usual residents aged 16 years and over in employment the week before the census,2877
709,2021,W02000103,2021 super output areas - middle layer,152,Part-time,891
710,2021,W02000103,2021 super output areas - middle layer,152,Part-time: 15 hours or less worked,283
711,2021,W02000103,2021 super output areas - middle layer,152,Part-time: 16 to 30 hours worked,608
712,2021,W02000103,2021 super output areas - middle layer,152,Full-time,1986
713,2021,W02000103,2021 super output areas - middle layer,152,Full-time: 31 to 48 hours worked,1410
714,2021,W02000103,2021 super output areas - middle layer,152,Full-time: 49 or more hours worked,576
715,2021,W02000104,2021 super output areas - middle layer,152,Total: All usual residents aged 16 years and over in employment the week before the census,2858
716,2021,W02000104,2021 super output areas - middle layer,152,Part-time,882
717,2021,W02000104,2021 super output areas - middle layer,152,Part-time: 15 hours or less worked,230
718,2021,W02000104,2021 super output areas - middle layer,152,Part-time: 16 to 30 hours worked,652
719,2021,W02000104,2021 super output areas - middle layer,152,Full-time,1976
720,2021,W02000104,2021 super output areas - middle layer,152,Full-time: 31 to 48 hours worked,1677
721,2021,W02000104,2021 super output areas - middle layer,152,Full-time: 49 or more hours worked,299
722,2021,W02000105,2021 super output areas - middle layer,152,Total: All usual residents aged 16 years and over in employment the week before the census,2207
723,2021,W02000105,2021 super output areas - middle layer,152,Part-time,706
724,2021,W02000105,2021 super output areas - middle layer,152,Part-time: 15 hours or less worked,189
725,2021,W02000105,2021 super output areas - middle layer,152,Part-time: 16 to 30 hours worked,517
726,2021,W02000105,2021 super output areas - middle layer,152,Full-time,1501
727,2021,W02000105,2021 super output areas - middle layer,152,Full-time: 31 to 48 hours worked,1274
728,2021,W02000105,2021 super output areas - middle layer,152,Full-time: 49 or more hours worked,227
729,2021,W02000106,2021 super output areas - middle layer,152,Total: All usual residents aged 16 years and over in employment the week before the census,3086
730,2021,W02000106,2021 super output areas - middle layer,152,Part-time,1046
731,2021,W02000106,2021 super output areas - middle layer,152,Part-time: 15 hours or less worked,324
732,2021,W02000106,2021 super output areas - middle layer,152,Part-time: 16 to 30 hours worked,722
733,2021,W02000106,2021 super output areas - middle layer,152,Full-time,2040
734,2021,W02000106,2021 super output areas - middle layer,152,Full-time: 31 to 48 hours worked,1502
735,2021,W02000106,2021 super output areas - middle layer,152,Full-time: 49 or more hours worked,538
736,2021,W02000107,2021 super output areas - middle layer,152,Total: All usual residents aged 16 years and over in employment the week before the census,4475
737,2021,W02000107,2021 super output areas - middle layer,152,Part-time,1481
738,2021,W02000107,2021 super output areas - middle layer,152,Part-time: 15 hours or less worked,491
739,2021,W02000107,2021 super output areas - middle layer,152,Part-time: 16 to 30 hours worked,990
740,2021,W02000107,2021 super output areas - middle layer,152,Full-time,2994
741,2021,W02000107,2021 super output areas - middle layer,152,Full-time: 31 to 48 hours worked,2122
742,2021,W02000107,2021 super output areas - middle layer,152,Full-time: 49 or more hours worked,872
743,2021,W02000108,2021 super output areas - middle layer,152,Total: All usual residents aged 16 years and over in employment the week before the census,3131
744,2021,W02000108,2021 super output areas - middle layer,152,Part-time,1034
745,2021,W02000108,2021 super output areas - middle layer,152,Part-time: 15 hours or less worked,331
746,2021,W02000108,2021 super output areas - middle layer,152,Part-time: 16 to 30 hours worked,703
747,2021,W02000108,2021 super output areas - middle layer,152,Full-time,2097
748,2021,W02000108,2021 super output areas - middle layer,152,Full-time: 31 to 48 hours worked,1495
749,2021,W02000108,2021 super output areas - middle layer,152,Full-time: 49 or more hours worked,602
750,2021,W02000109,2021 super output areas - middle layer,152,Total: All usual residents aged 16 years and over in employment the week before the census,2238
751,2021,W02000109,2021 super output areas - middle layer,152,Part-time,777
752,2021,W02000109,2021 super output areas - middle layer,152,Part-time: 15 hours or less worked,248
753,2021,W02000109,2021 super output areas - middle layer,152,Part-time: 16 to 30 hours worked,529
754,2021,W02000109,2021 super output areas - middle layer,152,Full-time,1461
755,2021,W02000109,2021 super output areas - middle layer,152,Full-time: 31 to 48 hours worked,1246
756,2021,W02000109,2021 super output areas - middle layer,152,Full-time: 49 or more hours worked,215
757,2021,W02000110,2021 super output areas - middle layer,152,Total: All usual residents aged 16 years and over in employment the week before the census,3243
758,2021,W02000110,2021 super output areas - middle layer,152,Part-time,1035
759,2021,W02000110,2021 super output areas - middle layer,152,Part-time: 15 hours or less worked,342
760,2021,W02000110,2021 super output areas - middle layer,152,Part-time: 16 to 30 hours worked,693
761,2021,W02000110,2021 super output areas - middle layer,152,Full-time,2208
762,2021,W02000110,2021 super output areas - middle layer,152,Full-time: 31 to 48 hours worked,1609
763,2021,W02000110,2021 super output areas - middle layer,152,Full-time: 49 or more hours worked,599
764,2021,W02000111,2021 super output areas - middle layer,152,Total: All usual residents aged 16 years and over in employment the week before the census,4082
765,2021,W02000111,2021 super output areas - middle layer,152,Part-time,1441
766,2021,W02000111,2021 super output areas - middle layer,152,Part-time: 15 hours or less worked,546
767,2021,W02000111,2021 super output areas - middle layer,152,Part-time: 16 to 30 hours worked,895
768,2021,W02000111,2021 super output areas - middle layer,152,Full-time,2641
769,2021,W02000111,2021 super output areas - middle layer,152,Full-time: 31 to 48 hours worked,1956
770,2021,W02000111,2021 super output areas - middle layer,152,Full-time: 49 or more hours worked,685
771,2021,W02000113,2021 super output areas - middle layer,152,Total: All usual residents aged 16 years and over in employment the week before the census,3786
772,2021,W02000113,2021 super output areas - middle layer,152,Part-time,1077
773,2021,W02000113,2021 super output areas - middle layer,152,Part-time: 15 hours or less worked,303
774,2021,W02000113,2021 super output areas - middle layer,152,Part-time: 16 to 30 hours worked,774
775,2021,W02000113,2021 super output areas - middle layer,152,Full-time,2709
776,2021,W02000113,2021 super output areas - middle layer,152,Full-time: 31 to 48 hours worked,2170
777,2021,W02000113,2021 super output areas - middle layer,152,Full-time: 49 or more hours worked,539
778,2021,W02000114,2021 super output areas - middle layer,152,Total: All usual residents aged 16 years and over in employment the week before the census,3073
779,2021,W02000114,2021 super output areas - middle layer,152,Part-time,1073
780,2021,W02000114,2021 super output areas - middle layer,152,Part-time: 15 hours or less worked,405
781,2021,W02000114,2021 super output areas - middle layer,152,Part-time: 16 to 30 hours worked,668
782,2021,W02000114,2021 super output areas - middle layer,152,Full-time,2000
783,2021,W02000114,2021 super output areas - middle layer,152,Full-time: 31 to 48 hours worked,1526
784,2021,W02000114,2021 super output areas - middle layer,152,Full-time: 49 or more hours worked,474
785,2021,W02000414,2021 super output areas - middle layer,152,Total: All usual residents aged 16 years and over in employment the week before the census,3010
786,2021,W02000414,2021 super output areas - middle layer,152,Part-time,924
787,2021,W02000414,2021 super output areas - middle layer,152,Part-time: 15 hours or less worked,321
788,2021,W02000414,2021 super output areas - middle layer,152,Part-time: 16 to 30 hours worked,603
789,2021,W02000414,2021 super output areas - middle layer,152,Full-time,2086
790,2021,W02000414,2021 super output areas - middle layer,152,Full-time: 31 to 48 hours worked,1372
791,2021,W02000414,2021 super output areas - middle layer,152,Full-time: 49 or more hours worked,714
792,2021,W02000416,2021 super output areas - middle layer,152,Total: All usual residents aged 16 years and over in employment the week before the census,4418
793,2021,W02000416,2021 super output areas - middle layer,152,Part-time,1358
794,2021,W02000416,2021 super output areas - middle layer,152,Part-time: 15 hours or less worked,359
795,2021,W02000416,2021 super output areas - middle layer,152,Part-time: 16 to 30 hours worked,999
796,2021,W02000416,2021 super output areas - middle layer,152,Full-time,3060
797,2021,W02000416,2021 super output areas - middle layer,152,Full-time: 31 to 48 hours worked,2585
798,2021,W02000416,2021 super output areas - middle layer,152,Full-time: 49 or more hours worked,475
799,2021,W02000284,2021 super output areas - middle layer,152,Total: All usual residents aged 16 years and over in employment the week before the census,4235
800,2021,W02000284,2021 super output areas - middle layer,152,Part-time,1146
801,2021,W02000284,2021 super output areas - middle layer,152,Part-time: 15 hours or less worked,305
802,2021,W02000284,2021 super output areas - middle layer,152,Part-time: 16 to 30 hours worked,841
803,2021,W02000284,2021 super output areas - middle layer,152,Full-time,3089
804,2021,W02000284,2021 super output areas - middle layer,152,Full-time: 31 to 48 hours worked,2716
805,2021,W02000284,2021 super output areas - middle layer,152,Full-time: 49 or more hours worked,373
806,2021,W02000285,2021 super output areas - middle layer,152,Total: All usual residents aged 16 years and over in employment the week before the census,3837
807,2021,W02000285,2021 super output areas - middle layer,152,Part-time,1015
808,2021,W02000285,2021 super output areas - middle layer,152,Part-time: 15 hours or less worked,262
809,2021,W02000285,2021 super output areas - middle layer,152,Part-time: 16 to 30 hours worked,753
810,2021,W02000285,2021 super output areas - middle layer,152,Full-time,2822
811,2021,W02000285,2021 super output areas - middle layer,152,Full-time: 31 to 48 hours worked,2456
812,2021,W02000285,2021 super output areas - middle layer,152,Full-time: 49 or more hours worked,366
813,2021,W02000286,2021 super output areas - middle layer,152,Total: All usual residents aged 16 years and over in employment the week before the census,2715
814,2021,W02000286,2021 super output areas - middle layer,152,Part-time,788
815,2021,W02000286,2021 super output areas - middle layer,152,Part-time: 15 hours or less worked,224
816,2021,W02000286,2021 super output areas - middle layer,152,Part-time: 16 to 30 hours worked,564
817,2021,W02000286,2021 super output areas - middle layer,152,Full-time,1927
818,2021,W02000286,2021 super output areas - middle layer,152,Full-time: 31 to 48 hours worked,1691
819,2021,W02000286,2021 super output areas - middle layer,152,Full-time: 49 or more hours worked,236
820,2021,W02000287,2021 super output areas - middle layer,152,Total: All usual residents aged 16 years and over in employment the week before the census,3988
821,2021,W02000287,2021 super output areas - middle layer,152,Part-time,1068
822,2021,W02000287,2021 super output areas - middle layer,152,Part-time: 15 hours or less worked,278
823,2021,W02000287,2021 super output areas - middle layer,152,Part-time: 16 to 30 hours worked,790
824,2021,W02000287,2021 super output areas - middle layer,152,Full-time,2920
825,2021,W02000287,2021 super output areas - middle layer,152,Full-time: 31 to 48 hours worked,2554
826,2021,W02000287,2021 super output areas - middle layer,152,Full-time: 49 or more hours worked,366
827,2021,W02000288,2021 super output areas - middle layer,152,Total: All usual residents aged 16 years and over in employment the week before the census,3415
828,2021,W02000288,2021 super output areas - middle layer,152,Part-time,931
829,2021,W02000288,2021 super output areas - middle layer,152,Part-time: 15 hours or less worked,226
830,2021,W02000288,2021 super output areas - middle layer,152,Part-time: 16 to 30 hours worked,705
831,2021,W02000288,2021 super output areas - middle layer,152,Full-time,2484
832,2021,W02000288,2021 super output areas - middle layer,152,Full-time: 31 to 48 hours worked,2169
833,2021,W02000288,2021 super output areas - middle layer,152,Full-time: 49 or more hours worked,315
834,2021,W02000289,2021 super output areas - middle layer,152,Total: All usual residents aged 16 years and over in employment the week before the census,3991
835,2021,W02000289,2021 super output areas - middle layer,152,Part-time,1027
836,2021,W02000289,2021 super output areas - middle layer,152,Part-time: 15 hours or less worked,267
837,2021,W02000289,2021 super output areas - middle layer,152,Part-time: 16 to 30 hours worked,760
838,2021,W02000289,2021 super output areas - middle layer,152,Full-time,2964
839,2021,W02000289,2021 super output areas - middle layer,152,Full-time: 31 to 48 hours worked,2601
840,2021,W02000289,2021 super output areas - middle layer,152,Full-time: 49 or more hours worked,363
841,2021,W02000415,2021 super output areas - middle layer,152,Total: All usual residents aged 16 years and over in employment the week before the census,3453
842,2021,W02000415,2021 super output areas - middle layer,152,Part-time,1067
843,2021,W02000415,2021 super output areas - middle layer,152,Part-time: 15 hours or less worked,271
844,2021,W02000415,2021 super output areas - middle layer,152,Part-time: 16 to 30 hours worked,796
845,2021,W02000415,2021 super output areas - middle layer,152,Full-time,2386
846,2021,W02000415,2021 super output areas - middle layer,152,Full-time: 31 to 48 hours worked,2092
847,2021,W02000415,2021 super output areas - middle layer,152,Full-time: 49 or more hours worked,294
