,DATE,GEOGRAPHY_CODE,GEOGRAPHY_TYPE,GEOGRAPHY_TYPECODE,CELL_NAME,OBS_VALUE
0,2011,W02000308,2011 super output areas - middle layer,297,L14.2 Long-term unemployed,153
1,2011,W02000308,2011 super output areas - middle layer,297,L15 Full-time students,444
2,2011,W02000309,2011 super output areas - middle layer,297,All categories: NS-SeC,5019
3,2011,W02000309,2011 super output areas - middle layer,297,"1. Higher managerial, administrative and professional occupations",309
4,2011,W02000309,2011 super output areas - middle layer,297,1.1 Large employers and higher managerial and administrative occupations,96
5,2011,W02000309,2011 super output areas - middle layer,297,1.2 Higher professional occupations,213
6,2011,W02000309,2011 super output areas - middle layer,297,"2. Lower managerial, administrative and professional occupations",906
7,2011,W02000309,2011 super output areas - middle layer,297,3. Intermediate occupations,714
8,2011,W02000309,2011 super output areas - middle layer,297,4. Small employers and own account workers,430
9,2011,W02000309,2011 super output areas - middle layer,297,5. Lower supervisory and technical occupations,477
10,2011,W02000309,2011 super output areas - middle layer,297,6. Semi-routine occupations,800
11,2011,W02000309,2011 super output areas - middle layer,297,7. Routine occupations,801
12,2011,W02000309,2011 super output areas - middle layer,297,8. Never worked and long-term unemployed,250
13,2011,W02000309,2011 super output areas - middle layer,297,L14.1 Never worked,156
14,2011,W02000309,2011 super output areas - middle layer,297,L14.2 Long-term unemployed,94
15,2011,W02000309,2011 super output areas - middle layer,297,L15 Full-time students,332
16,2011,W02000310,2011 super output areas - middle layer,297,All categories: NS-SeC,3944
17,2011,W02000310,2011 super output areas - middle layer,297,"1. Higher managerial, administrative and professional occupations",434
18,2011,W02000310,2011 super output areas - middle layer,297,1.1 Large employers and higher managerial and administrative occupations,96
19,2011,W02000310,2011 super output areas - middle layer,297,1.2 Higher professional occupations,338
20,2011,W02000310,2011 super output areas - middle layer,297,"2. Lower managerial, administrative and professional occupations",843
21,2011,W02000310,2011 super output areas - middle layer,297,3. Intermediate occupations,495
22,2011,W02000310,2011 super output areas - middle layer,297,4. Small employers and own account workers,327
23,2011,W02000310,2011 super output areas - middle layer,297,5. Lower supervisory and technical occupations,264
24,2011,W02000310,2011 super output areas - middle layer,297,6. Semi-routine occupations,567
25,2011,W02000310,2011 super output areas - middle layer,297,7. Routine occupations,440
26,2011,W02000310,2011 super output areas - middle layer,297,8. Never worked and long-term unemployed,311
27,2011,W02000310,2011 super output areas - middle layer,297,L14.1 Never worked,194
28,2011,W02000310,2011 super output areas - middle layer,297,L14.2 Long-term unemployed,117
29,2011,W02000310,2011 super output areas - middle layer,297,L15 Full-time students,263
30,2011,W02000311,2011 super output areas - middle layer,297,All categories: NS-SeC,6982
31,2011,W02000311,2011 super output areas - middle layer,297,"1. Higher managerial, administrative and professional occupations",382
32,2011,W02000311,2011 super output areas - middle layer,297,1.1 Large employers and higher managerial and administrative occupations,99
33,2011,W02000311,2011 super output areas - middle layer,297,1.2 Higher professional occupations,283
34,2011,W02000311,2011 super output areas - middle layer,297,"2. Lower managerial, administrative and professional occupations",1150
35,2011,W02000311,2011 super output areas - middle layer,297,3. Intermediate occupations,1058
36,2011,W02000311,2011 super output areas - middle layer,297,4. Small employers and own account workers,454
37,2011,W02000311,2011 super output areas - middle layer,297,5. Lower supervisory and technical occupations,636
38,2011,W02000311,2011 super output areas - middle layer,297,6. Semi-routine occupations,1213
39,2011,W02000311,2011 super output areas - middle layer,297,7. Routine occupations,1061
40,2011,W02000311,2011 super output areas - middle layer,297,8. Never worked and long-term unemployed,601
41,2011,W02000311,2011 super output areas - middle layer,297,L14.1 Never worked,422
42,2011,W02000311,2011 super output areas - middle layer,297,L14.2 Long-term unemployed,179
43,2011,W02000311,2011 super output areas - middle layer,297,L15 Full-time students,427
44,2011,W02000312,2011 super output areas - middle layer,297,All categories: NS-SeC,5452
45,2011,W02000312,2011 super output areas - middle layer,297,"1. Higher managerial, administrative and professional occupations",364
46,2011,W02000312,2011 super output areas - middle layer,297,1.1 Large employers and higher managerial and administrative occupations,75
47,2011,W02000312,2011 super output areas - middle layer,297,1.2 Higher professional occupations,289
48,2011,W02000312,2011 super output areas - middle layer,297,"2. Lower managerial, administrative and professional occupations",1084
49,2011,W02000312,2011 super output areas - middle layer,297,3. Intermediate occupations,858
50,2011,W02000312,2011 super output areas - middle layer,297,4. Small employers and own account workers,382
51,2011,W02000312,2011 super output areas - middle layer,297,5. Lower supervisory and technical occupations,456
52,2011,W02000312,2011 super output areas - middle layer,297,6. Semi-routine occupations,870
53,2011,W02000312,2011 super output areas - middle layer,297,7. Routine occupations,736
54,2011,W02000312,2011 super output areas - middle layer,297,8. Never worked and long-term unemployed,337
55,2011,W02000312,2011 super output areas - middle layer,297,L14.1 Never worked,229
56,2011,W02000312,2011 super output areas - middle layer,297,L14.2 Long-term unemployed,108
57,2011,W02000312,2011 super output areas - middle layer,297,L15 Full-time students,365
58,2011,W02000313,2011 super output areas - middle layer,297,All categories: NS-SeC,7486
59,2011,W02000313,2011 super output areas - middle layer,297,"1. Higher managerial, administrative and professional occupations",924
60,2011,W02000313,2011 super output areas - middle layer,297,1.1 Large employers and higher managerial and administrative occupations,209
61,2011,W02000313,2011 super output areas - middle layer,297,1.2 Higher professional occupations,715
62,2011,W02000313,2011 super output areas - middle layer,297,"2. Lower managerial, administrative and professional occupations",2048
63,2011,W02000313,2011 super output areas - middle layer,297,3. Intermediate occupations,1293
64,2011,W02000313,2011 super output areas - middle layer,297,4. Small employers and own account workers,539
65,2011,W02000313,2011 super output areas - middle layer,297,5. Lower supervisory and technical occupations,569
66,2011,W02000313,2011 super output areas - middle layer,297,6. Semi-routine occupations,874
67,2011,W02000313,2011 super output areas - middle layer,297,7. Routine occupations,546
68,2011,W02000313,2011 super output areas - middle layer,297,8. Never worked and long-term unemployed,241
69,2011,W02000313,2011 super output areas - middle layer,297,L14.1 Never worked,153
70,2011,W02000313,2011 super output areas - middle layer,297,L14.2 Long-term unemployed,88
71,2011,W02000313,2011 super output areas - middle layer,297,L15 Full-time students,452
72,2011,W02000314,2011 super output areas - middle layer,297,All categories: NS-SeC,5224
73,2011,W02000314,2011 super output areas - middle layer,297,"1. Higher managerial, administrative and professional occupations",222
74,2011,W02000314,2011 super output areas - middle layer,297,1.1 Large employers and higher managerial and administrative occupations,85
75,2011,W02000314,2011 super output areas - middle layer,297,1.2 Higher professional occupations,137
76,2011,W02000314,2011 super output areas - middle layer,297,"2. Lower managerial, administrative and professional occupations",815
77,2011,W02000314,2011 super output areas - middle layer,297,3. Intermediate occupations,603
78,2011,W02000314,2011 super output areas - middle layer,297,4. Small employers and own account workers,315
79,2011,W02000314,2011 super output areas - middle layer,297,5. Lower supervisory and technical occupations,512
80,2011,W02000314,2011 super output areas - middle layer,297,6. Semi-routine occupations,1096
81,2011,W02000314,2011 super output areas - middle layer,297,7. Routine occupations,922
82,2011,W02000314,2011 super output areas - middle layer,297,8. Never worked and long-term unemployed,419
83,2011,W02000314,2011 super output areas - middle layer,297,L14.1 Never worked,251
84,2011,W02000314,2011 super output areas - middle layer,297,L14.2 Long-term unemployed,168
85,2011,W02000314,2011 super output areas - middle layer,297,L15 Full-time students,320
86,2011,W02000315,2011 super output areas - middle layer,297,All categories: NS-SeC,4017
87,2011,W02000315,2011 super output areas - middle layer,297,"1. Higher managerial, administrative and professional occupations",192
88,2011,W02000315,2011 super output areas - middle layer,297,1.1 Large employers and higher managerial and administrative occupations,78
89,2011,W02000315,2011 super output areas - middle layer,297,1.2 Higher professional occupations,114
90,2011,W02000315,2011 super output areas - middle layer,297,"2. Lower managerial, administrative and professional occupations",670
91,2011,W02000315,2011 super output areas - middle layer,297,3. Intermediate occupations,379
92,2011,W02000315,2011 super output areas - middle layer,297,4. Small employers and own account workers,279
93,2011,W02000315,2011 super output areas - middle layer,297,5. Lower supervisory and technical occupations,392
94,2011,W02000315,2011 super output areas - middle layer,297,6. Semi-routine occupations,768
95,2011,W02000315,2011 super output areas - middle layer,297,7. Routine occupations,790
96,2011,W02000315,2011 super output areas - middle layer,297,8. Never worked and long-term unemployed,308
97,2011,W02000315,2011 super output areas - middle layer,297,L14.1 Never worked,203
98,2011,W02000315,2011 super output areas - middle layer,297,L14.2 Long-term unemployed,105
99,2011,W02000315,2011 super output areas - middle layer,297,L15 Full-time students,239
100,2011,W02000316,2011 super output areas - middle layer,297,All categories: NS-SeC,5287
101,2011,W02000316,2011 super output areas - middle layer,297,"1. Higher managerial, administrative and professional occupations",196
102,2011,W02000316,2011 super output areas - middle layer,297,1.1 Large employers and higher managerial and administrative occupations,66
103,2011,W02000316,2011 super output areas - middle layer,297,1.2 Higher professional occupations,130
104,2011,W02000316,2011 super output areas - middle layer,297,"2. Lower managerial, administrative and professional occupations",736
105,2011,W02000316,2011 super output areas - middle layer,297,3. Intermediate occupations,481
106,2011,W02000316,2011 super output areas - middle layer,297,4. Small employers and own account workers,361
107,2011,W02000316,2011 super output areas - middle layer,297,5. Lower supervisory and technical occupations,537
108,2011,W02000316,2011 super output areas - middle layer,297,6. Semi-routine occupations,1053
109,2011,W02000316,2011 super output areas - middle layer,297,7. Routine occupations,1047
110,2011,W02000316,2011 super output areas - middle layer,297,8. Never worked and long-term unemployed,531
111,2011,W02000316,2011 super output areas - middle layer,297,L14.1 Never worked,383
112,2011,W02000316,2011 super output areas - middle layer,297,L14.2 Long-term unemployed,148
113,2011,W02000316,2011 super output areas - middle layer,297,L15 Full-time students,345
114,2011,W02000317,2011 super output areas - middle layer,297,All categories: NS-SeC,5801
115,2011,W02000317,2011 super output areas - middle layer,297,"1. Higher managerial, administrative and professional occupations",201
116,2011,W02000317,2011 super output areas - middle layer,297,1.1 Large employers and higher managerial and administrative occupations,65
117,2011,W02000317,2011 super output areas - middle layer,297,1.2 Higher professional occupations,136
118,2011,W02000317,2011 super output areas - middle layer,297,"2. Lower managerial, administrative and professional occupations",894
119,2011,W02000317,2011 super output areas - middle layer,297,3. Intermediate occupations,651
120,2011,W02000317,2011 super output areas - middle layer,297,4. Small employers and own account workers,288
121,2011,W02000317,2011 super output areas - middle layer,297,5. Lower supervisory and technical occupations,567
122,2011,W02000317,2011 super output areas - middle layer,297,6. Semi-routine occupations,1243
123,2011,W02000317,2011 super output areas - middle layer,297,7. Routine occupations,1071
124,2011,W02000317,2011 super output areas - middle layer,297,8. Never worked and long-term unemployed,445
125,2011,W02000317,2011 super output areas - middle layer,297,L14.1 Never worked,272
126,2011,W02000317,2011 super output areas - middle layer,297,L14.2 Long-term unemployed,173
127,2011,W02000317,2011 super output areas - middle layer,297,L15 Full-time students,441
128,2011,W02000318,2011 super output areas - middle layer,297,All categories: NS-SeC,6974
129,2011,W02000318,2011 super output areas - middle layer,297,"1. Higher managerial, administrative and professional occupations",270
130,2011,W02000318,2011 super output areas - middle layer,297,1.1 Large employers and higher managerial and administrative occupations,99
131,2011,W02000318,2011 super output areas - middle layer,297,1.2 Higher professional occupations,171
132,2011,W02000318,2011 super output areas - middle layer,297,"2. Lower managerial, administrative and professional occupations",972
133,2011,W02000318,2011 super output areas - middle layer,297,3. Intermediate occupations,646
134,2011,W02000318,2011 super output areas - middle layer,297,4. Small employers and own account workers,472
135,2011,W02000318,2011 super output areas - middle layer,297,5. Lower supervisory and technical occupations,617
136,2011,W02000318,2011 super output areas - middle layer,297,6. Semi-routine occupations,1432
137,2011,W02000318,2011 super output areas - middle layer,297,7. Routine occupations,1456
138,2011,W02000318,2011 super output areas - middle layer,297,8. Never worked and long-term unemployed,693
139,2011,W02000318,2011 super output areas - middle layer,297,L14.1 Never worked,466
140,2011,W02000318,2011 super output areas - middle layer,297,L14.2 Long-term unemployed,227
141,2011,W02000318,2011 super output areas - middle layer,297,L15 Full-time students,416
142,2011,W02000319,2011 super output areas - middle layer,297,All categories: NS-SeC,5908
143,2011,W02000319,2011 super output areas - middle layer,297,"1. Higher managerial, administrative and professional occupations",232
144,2011,W02000319,2011 super output areas - middle layer,297,1.1 Large employers and higher managerial and administrative occupations,78
145,2011,W02000319,2011 super output areas - middle layer,297,1.2 Higher professional occupations,154
146,2011,W02000319,2011 super output areas - middle layer,297,"2. Lower managerial, administrative and professional occupations",929
147,2011,W02000319,2011 super output areas - middle layer,297,3. Intermediate occupations,599
148,2011,W02000319,2011 super output areas - middle layer,297,4. Small employers and own account workers,377
149,2011,W02000319,2011 super output areas - middle layer,297,5. Lower supervisory and technical occupations,599
150,2011,W02000319,2011 super output areas - middle layer,297,6. Semi-routine occupations,1165
151,2011,W02000319,2011 super output areas - middle layer,297,7. Routine occupations,1123
152,2011,W02000319,2011 super output areas - middle layer,297,8. Never worked and long-term unemployed,529
153,2011,W02000319,2011 super output areas - middle layer,297,L14.1 Never worked,349
154,2011,W02000319,2011 super output areas - middle layer,297,L14.2 Long-term unemployed,180
155,2011,W02000319,2011 super output areas - middle layer,297,L15 Full-time students,355
156,2011,W02000320,2011 super output areas - middle layer,297,All categories: NS-SeC,6404
157,2011,W02000320,2011 super output areas - middle layer,297,"1. Higher managerial, administrative and professional occupations",272
158,2011,W02000320,2011 super output areas - middle layer,297,1.1 Large employers and higher managerial and administrative occupations,82
159,2011,W02000320,2011 super output areas - middle layer,297,1.2 Higher professional occupations,190
160,2011,W02000320,2011 super output areas - middle layer,297,"2. Lower managerial, administrative and professional occupations",1000
161,2011,W02000320,2011 super output areas - middle layer,297,3. Intermediate occupations,645
162,2011,W02000320,2011 super output areas - middle layer,297,4. Small employers and own account workers,426
163,2011,W02000320,2011 super output areas - middle layer,297,5. Lower supervisory and technical occupations,652
164,2011,W02000320,2011 super output areas - middle layer,297,6. Semi-routine occupations,1345
165,2011,W02000320,2011 super output areas - middle layer,297,7. Routine occupations,1138
166,2011,W02000320,2011 super output areas - middle layer,297,8. Never worked and long-term unemployed,541
167,2011,W02000320,2011 super output areas - middle layer,297,L14.1 Never worked,336
168,2011,W02000320,2011 super output areas - middle layer,297,L14.2 Long-term unemployed,205
169,2011,W02000320,2011 super output areas - middle layer,297,L15 Full-time students,385
170,2011,W02000321,2011 super output areas - middle layer,297,All categories: NS-SeC,6725
171,2011,W02000321,2011 super output areas - middle layer,297,"1. Higher managerial, administrative and professional occupations",278
172,2011,W02000321,2011 super output areas - middle layer,297,1.1 Large employers and higher managerial and administrative occupations,86
173,2011,W02000321,2011 super output areas - middle layer,297,1.2 Higher professional occupations,192
174,2011,W02000321,2011 super output areas - middle layer,297,"2. Lower managerial, administrative and professional occupations",908
175,2011,W02000321,2011 super output areas - middle layer,297,3. Intermediate occupations,733
176,2011,W02000321,2011 super output areas - middle layer,297,4. Small employers and own account workers,388
177,2011,W02000321,2011 super output areas - middle layer,297,5. Lower supervisory and technical occupations,652
178,2011,W02000321,2011 super output areas - middle layer,297,6. Semi-routine occupations,1422
179,2011,W02000321,2011 super output areas - middle layer,297,7. Routine occupations,1379
180,2011,W02000321,2011 super output areas - middle layer,297,8. Never worked and long-term unemployed,550
181,2011,W02000321,2011 super output areas - middle layer,297,L14.1 Never worked,352
182,2011,W02000321,2011 super output areas - middle layer,297,L14.2 Long-term unemployed,198
183,2011,W02000321,2011 super output areas - middle layer,297,L15 Full-time students,415
184,2011,W02000322,2011 super output areas - middle layer,297,All categories: NS-SeC,5469
185,2011,W02000322,2011 super output areas - middle layer,297,"1. Higher managerial, administrative and professional occupations",217
186,2011,W02000322,2011 super output areas - middle layer,297,1.1 Large employers and higher managerial and administrative occupations,74
187,2011,W02000322,2011 super output areas - middle layer,297,1.2 Higher professional occupations,143
188,2011,W02000322,2011 super output areas - middle layer,297,"2. Lower managerial, administrative and professional occupations",626
189,2011,W02000322,2011 super output areas - middle layer,297,3. Intermediate occupations,492
190,2011,W02000322,2011 super output areas - middle layer,297,4. Small employers and own account workers,363
191,2011,W02000322,2011 super output areas - middle layer,297,5. Lower supervisory and technical occupations,525
192,2011,W02000322,2011 super output areas - middle layer,297,6. Semi-routine occupations,1221
193,2011,W02000322,2011 super output areas - middle layer,297,7. Routine occupations,1215
194,2011,W02000322,2011 super output areas - middle layer,297,8. Never worked and long-term unemployed,470
195,2011,W02000322,2011 super output areas - middle layer,297,L14.1 Never worked,291
196,2011,W02000322,2011 super output areas - middle layer,297,L14.2 Long-term unemployed,179
197,2011,W02000322,2011 super output areas - middle layer,297,L15 Full-time students,340
198,2011,W02000323,2011 super output areas - middle layer,297,All categories: NS-SeC,4361
199,2011,W02000323,2011 super output areas - middle layer,297,"1. Higher managerial, administrative and professional occupations",227
200,2011,W02000323,2011 super output areas - middle layer,297,1.1 Large employers and higher managerial and administrative occupations,66
201,2011,W02000323,2011 super output areas - middle layer,297,1.2 Higher professional occupations,161
202,2011,W02000323,2011 super output areas - middle layer,297,"2. Lower managerial, administrative and professional occupations",664
203,2011,W02000323,2011 super output areas - middle layer,297,3. Intermediate occupations,477
204,2011,W02000323,2011 super output areas - middle layer,297,4. Small employers and own account workers,295
205,2011,W02000323,2011 super output areas - middle layer,297,5. Lower supervisory and technical occupations,439
206,2011,W02000323,2011 super output areas - middle layer,297,6. Semi-routine occupations,883
207,2011,W02000323,2011 super output areas - middle layer,297,7. Routine occupations,788
208,2011,W02000323,2011 super output areas - middle layer,297,8. Never worked and long-term unemployed,342
209,2011,W02000323,2011 super output areas - middle layer,297,L14.1 Never worked,230
210,2011,W02000323,2011 super output areas - middle layer,297,L14.2 Long-term unemployed,112
211,2011,W02000323,2011 super output areas - middle layer,297,L15 Full-time students,246
212,2011,W02000324,2011 super output areas - middle layer,297,All categories: NS-SeC,5097
213,2011,W02000324,2011 super output areas - middle layer,297,"1. Higher managerial, administrative and professional occupations",278
214,2011,W02000324,2011 super output areas - middle layer,297,1.1 Large employers and higher managerial and administrative occupations,70
215,2011,W02000324,2011 super output areas - middle layer,297,1.2 Higher professional occupations,208
216,2011,W02000324,2011 super output areas - middle layer,297,"2. Lower managerial, administrative and professional occupations",777
217,2011,W02000324,2011 super output areas - middle layer,297,3. Intermediate occupations,560
218,2011,W02000324,2011 super output areas - middle layer,297,4. Small employers and own account workers,403
219,2011,W02000324,2011 super output areas - middle layer,297,5. Lower supervisory and technical occupations,512
220,2011,W02000324,2011 super output areas - middle layer,297,6. Semi-routine occupations,955
221,2011,W02000324,2011 super output areas - middle layer,297,7. Routine occupations,935
222,2011,W02000324,2011 super output areas - middle layer,297,8. Never worked and long-term unemployed,359
223,2011,W02000324,2011 super output areas - middle layer,297,L14.1 Never worked,241
224,2011,W02000324,2011 super output areas - middle layer,297,L14.2 Long-term unemployed,118
225,2011,W02000324,2011 super output areas - middle layer,297,L15 Full-time students,318
226,2011,W02000325,2011 super output areas - middle layer,297,All categories: NS-SeC,5218
227,2011,W02000325,2011 super output areas - middle layer,297,"1. Higher managerial, administrative and professional occupations",180
228,2011,W02000325,2011 super output areas - middle layer,297,1.1 Large employers and higher managerial and administrative occupations,55
229,2011,W02000325,2011 super output areas - middle layer,297,1.2 Higher professional occupations,125
230,2011,W02000325,2011 super output areas - middle layer,297,"2. Lower managerial, administrative and professional occupations",709
231,2011,W02000325,2011 super output areas - middle layer,297,3. Intermediate occupations,441
232,2011,W02000325,2011 super output areas - middle layer,297,4. Small employers and own account workers,300
233,2011,W02000325,2011 super output areas - middle layer,297,5. Lower supervisory and technical occupations,515
234,2011,W02000325,2011 super output areas - middle layer,297,6. Semi-routine occupations,1095
235,2011,W02000325,2011 super output areas - middle layer,297,7. Routine occupations,1195
236,2011,W02000325,2011 super output areas - middle layer,297,8. Never worked and long-term unemployed,481
237,2011,W02000325,2011 super output areas - middle layer,297,L14.1 Never worked,337
238,2011,W02000325,2011 super output areas - middle layer,297,L14.2 Long-term unemployed,144
239,2011,W02000325,2011 super output areas - middle layer,297,L15 Full-time students,302
240,2011,W02000326,2011 super output areas - middle layer,297,All categories: NS-SeC,6716
241,2011,W02000326,2011 super output areas - middle layer,297,"1. Higher managerial, administrative and professional occupations",340
242,2011,W02000326,2011 super output areas - middle layer,297,1.1 Large employers and higher managerial and administrative occupations,112
243,2011,W02000326,2011 super output areas - middle layer,297,1.2 Higher professional occupations,228
244,2011,W02000326,2011 super output areas - middle layer,297,"2. Lower managerial, administrative and professional occupations",1130
245,2011,W02000326,2011 super output areas - middle layer,297,3. Intermediate occupations,801
246,2011,W02000326,2011 super output areas - middle layer,297,4. Small employers and own account workers,517
247,2011,W02000326,2011 super output areas - middle layer,297,5. Lower supervisory and technical occupations,627
248,2011,W02000326,2011 super output areas - middle layer,297,6. Semi-routine occupations,1281
249,2011,W02000326,2011 super output areas - middle layer,297,7. Routine occupations,1186
250,2011,W02000326,2011 super output areas - middle layer,297,8. Never worked and long-term unemployed,427
251,2011,W02000326,2011 super output areas - middle layer,297,L14.1 Never worked,312
252,2011,W02000326,2011 super output areas - middle layer,297,L14.2 Long-term unemployed,115
253,2011,W02000326,2011 super output areas - middle layer,297,L15 Full-time students,407
254,2011,W02000327,2011 super output areas - middle layer,297,All categories: NS-SeC,4438
255,2011,W02000327,2011 super output areas - middle layer,297,"1. Higher managerial, administrative and professional occupations",424
256,2011,W02000327,2011 super output areas - middle layer,297,1.1 Large employers and higher managerial and administrative occupations,122
257,2011,W02000327,2011 super output areas - middle layer,297,1.2 Higher professional occupations,302
258,2011,W02000327,2011 super output areas - middle layer,297,"2. Lower managerial, administrative and professional occupations",1091
259,2011,W02000327,2011 super output areas - middle layer,297,3. Intermediate occupations,726
260,2011,W02000327,2011 super output areas - middle layer,297,4. Small employers and own account workers,287
261,2011,W02000327,2011 super output areas - middle layer,297,5. Lower supervisory and technical occupations,370
262,2011,W02000327,2011 super output areas - middle layer,297,6. Semi-routine occupations,682
263,2011,W02000327,2011 super output areas - middle layer,297,7. Routine occupations,448
264,2011,W02000327,2011 super output areas - middle layer,297,8. Never worked and long-term unemployed,125
265,2011,W02000327,2011 super output areas - middle layer,297,L14.1 Never worked,78
266,2011,W02000327,2011 super output areas - middle layer,297,L14.2 Long-term unemployed,47
267,2011,W02000327,2011 super output areas - middle layer,297,L15 Full-time students,285
268,2011,W02000328,2011 super output areas - middle layer,297,All categories: NS-SeC,5294
269,2011,W02000328,2011 super output areas - middle layer,297,"1. Higher managerial, administrative and professional occupations",371
270,2011,W02000328,2011 super output areas - middle layer,297,1.1 Large employers and higher managerial and administrative occupations,100
271,2011,W02000328,2011 super output areas - middle layer,297,1.2 Higher professional occupations,271
272,2011,W02000328,2011 super output areas - middle layer,297,"2. Lower managerial, administrative and professional occupations",1127
273,2011,W02000328,2011 super output areas - middle layer,297,3. Intermediate occupations,798
274,2011,W02000328,2011 super output areas - middle layer,297,4. Small employers and own account workers,336
275,2011,W02000328,2011 super output areas - middle layer,297,5. Lower supervisory and technical occupations,537
276,2011,W02000328,2011 super output areas - middle layer,297,6. Semi-routine occupations,922
277,2011,W02000328,2011 super output areas - middle layer,297,7. Routine occupations,695
278,2011,W02000328,2011 super output areas - middle layer,297,8. Never worked and long-term unemployed,203
279,2011,W02000328,2011 super output areas - middle layer,297,L14.1 Never worked,132
280,2011,W02000328,2011 super output areas - middle layer,297,L14.2 Long-term unemployed,71
281,2011,W02000328,2011 super output areas - middle layer,297,L15 Full-time students,305
282,2011,W02000329,2011 super output areas - middle layer,297,All categories: NS-SeC,5482
283,2011,W02000329,2011 super output areas - middle layer,297,"1. Higher managerial, administrative and professional occupations",282
284,2011,W02000329,2011 super output areas - middle layer,297,1.1 Large employers and higher managerial and administrative occupations,74
285,2011,W02000329,2011 super output areas - middle layer,297,1.2 Higher professional occupations,208
286,2011,W02000329,2011 super output areas - middle layer,297,"2. Lower managerial, administrative and professional occupations",947
287,2011,W02000329,2011 super output areas - middle layer,297,3. Intermediate occupations,713
288,2011,W02000329,2011 super output areas - middle layer,297,4. Small employers and own account workers,375
289,2011,W02000329,2011 super output areas - middle layer,297,5. Lower supervisory and technical occupations,533
290,2011,W02000329,2011 super output areas - middle layer,297,6. Semi-routine occupations,1101
291,2011,W02000329,2011 super output areas - middle layer,297,7. Routine occupations,879
292,2011,W02000329,2011 super output areas - middle layer,297,8. Never worked and long-term unemployed,305
293,2011,W02000329,2011 super output areas - middle layer,297,L14.1 Never worked,190
294,2011,W02000329,2011 super output areas - middle layer,297,L14.2 Long-term unemployed,115
295,2011,W02000329,2011 super output areas - middle layer,297,L15 Full-time students,347
296,2011,W02000330,2011 super output areas - middle layer,297,All categories: NS-SeC,5067
297,2011,W02000330,2011 super output areas - middle layer,297,"1. Higher managerial, administrative and professional occupations",400
298,2011,W02000330,2011 super output areas - middle layer,297,1.1 Large employers and higher managerial and administrative occupations,113
299,2011,W02000330,2011 super output areas - middle layer,297,1.2 Higher professional occupations,287
300,2011,W02000330,2011 super output areas - middle layer,297,"2. Lower managerial, administrative and professional occupations",1089
301,2011,W02000330,2011 super output areas - middle layer,297,3. Intermediate occupations,773
302,2011,W02000330,2011 super output areas - middle layer,297,4. Small employers and own account workers,326
303,2011,W02000330,2011 super output areas - middle layer,297,5. Lower supervisory and technical occupations,459
304,2011,W02000330,2011 super output areas - middle layer,297,6. Semi-routine occupations,868
305,2011,W02000330,2011 super output areas - middle layer,297,7. Routine occupations,644
306,2011,W02000330,2011 super output areas - middle layer,297,8. Never worked and long-term unemployed,201
307,2011,W02000330,2011 super output areas - middle layer,297,L14.1 Never worked,121
308,2011,W02000330,2011 super output areas - middle layer,297,L14.2 Long-term unemployed,80
309,2011,W02000330,2011 super output areas - middle layer,297,L15 Full-time students,307
310,2011,W02000331,2011 super output areas - middle layer,297,All categories: NS-SeC,4708
311,2011,W02000331,2011 super output areas - middle layer,297,"1. Higher managerial, administrative and professional occupations",137
312,2011,W02000331,2011 super output areas - middle layer,297,1.1 Large employers and higher managerial and administrative occupations,46
313,2011,W02000331,2011 super output areas - middle layer,297,1.2 Higher professional occupations,91
314,2011,W02000331,2011 super output areas - middle layer,297,"2. Lower managerial, administrative and professional occupations",541
315,2011,W02000331,2011 super output areas - middle layer,297,3. Intermediate occupations,497
316,2011,W02000331,2011 super output areas - middle layer,297,4. Small employers and own account workers,273
317,2011,W02000331,2011 super output areas - middle layer,297,5. Lower supervisory and technical occupations,503
318,2011,W02000331,2011 super output areas - middle layer,297,6. Semi-routine occupations,1135
319,2011,W02000331,2011 super output areas - middle layer,297,7. Routine occupations,914
320,2011,W02000331,2011 super output areas - middle layer,297,8. Never worked and long-term unemployed,367
321,2011,W02000331,2011 super output areas - middle layer,297,L14.1 Never worked,233
322,2011,W02000331,2011 super output areas - middle layer,297,L14.2 Long-term unemployed,134
323,2011,W02000331,2011 super output areas - middle layer,297,L15 Full-time students,341
324,2011,W02000332,2011 super output areas - middle layer,297,All categories: NS-SeC,4882
325,2011,W02000332,2011 super output areas - middle layer,297,"1. Higher managerial, administrative and professional occupations",193
326,2011,W02000332,2011 super output areas - middle layer,297,1.1 Large employers and higher managerial and administrative occupations,67
327,2011,W02000332,2011 super output areas - middle layer,297,1.2 Higher professional occupations,126
328,2011,W02000332,2011 super output areas - middle layer,297,"2. Lower managerial, administrative and professional occupations",652
329,2011,W02000332,2011 super output areas - middle layer,297,3. Intermediate occupations,554
330,2011,W02000332,2011 super output areas - middle layer,297,4. Small employers and own account workers,295
331,2011,W02000332,2011 super output areas - middle layer,297,5. Lower supervisory and technical occupations,438
332,2011,W02000332,2011 super output areas - middle layer,297,6. Semi-routine occupations,1091
333,2011,W02000332,2011 super output areas - middle layer,297,7. Routine occupations,1010
334,2011,W02000332,2011 super output areas - middle layer,297,8. Never worked and long-term unemployed,363
335,2011,W02000332,2011 super output areas - middle layer,297,L14.1 Never worked,239
336,2011,W02000332,2011 super output areas - middle layer,297,L14.2 Long-term unemployed,124
337,2011,W02000332,2011 super output areas - middle layer,297,L15 Full-time students,286
338,2011,W02000333,2011 super output areas - middle layer,297,All categories: NS-SeC,4875
339,2011,W02000333,2011 super output areas - middle layer,297,"1. Higher managerial, administrative and professional occupations",357
340,2011,W02000333,2011 super output areas - middle layer,297,1.1 Large employers and higher managerial and administrative occupations,107
341,2011,W02000333,2011 super output areas - middle layer,297,1.2 Higher professional occupations,250
342,2011,W02000333,2011 super output areas - middle layer,297,"2. Lower managerial, administrative and professional occupations",949
343,2011,W02000333,2011 super output areas - middle layer,297,3. Intermediate occupations,715
344,2011,W02000333,2011 super output areas - middle layer,297,4. Small employers and own account workers,320
345,2011,W02000333,2011 super output areas - middle layer,297,5. Lower supervisory and technical occupations,417
346,2011,W02000333,2011 super output areas - middle layer,297,6. Semi-routine occupations,887
347,2011,W02000333,2011 super output areas - middle layer,297,7. Routine occupations,629
348,2011,W02000333,2011 super output areas - middle layer,297,8. Never worked and long-term unemployed,213
349,2011,W02000333,2011 super output areas - middle layer,297,L14.1 Never worked,134
350,2011,W02000333,2011 super output areas - middle layer,297,L14.2 Long-term unemployed,79
351,2011,W02000333,2011 super output areas - middle layer,297,L15 Full-time students,388
352,2011,W02000334,2011 super output areas - middle layer,297,All categories: NS-SeC,5135
353,2011,W02000334,2011 super output areas - middle layer,297,"1. Higher managerial, administrative and professional occupations",506
354,2011,W02000334,2011 super output areas - middle layer,297,1.1 Large employers and higher managerial and administrative occupations,136
355,2011,W02000334,2011 super output areas - middle layer,297,1.2 Higher professional occupations,370
356,2011,W02000334,2011 super output areas - middle layer,297,"2. Lower managerial, administrative and professional occupations",1201
357,2011,W02000334,2011 super output areas - middle layer,297,3. Intermediate occupations,758
358,2011,W02000334,2011 super output areas - middle layer,297,4. Small employers and own account workers,363
359,2011,W02000334,2011 super output areas - middle layer,297,5. Lower supervisory and technical occupations,404
360,2011,W02000334,2011 super output areas - middle layer,297,6. Semi-routine occupations,811
361,2011,W02000334,2011 super output areas - middle layer,297,7. Routine occupations,574
362,2011,W02000334,2011 super output areas - middle layer,297,8. Never worked and long-term unemployed,155
363,2011,W02000334,2011 super output areas - middle layer,297,L14.1 Never worked,86
364,2011,W02000334,2011 super output areas - middle layer,297,L14.2 Long-term unemployed,69
365,2011,W02000334,2011 super output areas - middle layer,297,L15 Full-time students,363
366,2011,W02000335,2011 super output areas - middle layer,297,All categories: NS-SeC,4834
367,2011,W02000335,2011 super output areas - middle layer,297,"1. Higher managerial, administrative and professional occupations",536
368,2011,W02000335,2011 super output areas - middle layer,297,1.1 Large employers and higher managerial and administrative occupations,137
369,2011,W02000335,2011 super output areas - middle layer,297,1.2 Higher professional occupations,399
370,2011,W02000335,2011 super output areas - middle layer,297,"2. Lower managerial, administrative and professional occupations",1170
371,2011,W02000335,2011 super output areas - middle layer,297,3. Intermediate occupations,644
372,2011,W02000335,2011 super output areas - middle layer,297,4. Small employers and own account workers,385
373,2011,W02000335,2011 super output areas - middle layer,297,5. Lower supervisory and technical occupations,324
374,2011,W02000335,2011 super output areas - middle layer,297,6. Semi-routine occupations,711
375,2011,W02000335,2011 super output areas - middle layer,297,7. Routine occupations,498
376,2011,W02000335,2011 super output areas - middle layer,297,8. Never worked and long-term unemployed,191
377,2011,W02000335,2011 super output areas - middle layer,297,L14.1 Never worked,130
378,2011,W02000335,2011 super output areas - middle layer,297,L14.2 Long-term unemployed,61
379,2011,W02000335,2011 super output areas - middle layer,297,L15 Full-time students,375
380,2011,W02000336,2011 super output areas - middle layer,297,All categories: NS-SeC,5890
381,2011,W02000336,2011 super output areas - middle layer,297,"1. Higher managerial, administrative and professional occupations",779
382,2011,W02000336,2011 super output areas - middle layer,297,1.1 Large employers and higher managerial and administrative occupations,160
383,2011,W02000336,2011 super output areas - middle layer,297,1.2 Higher professional occupations,619
384,2011,W02000336,2011 super output areas - middle layer,297,"2. Lower managerial, administrative and professional occupations",1542
385,2011,W02000336,2011 super output areas - middle layer,297,3. Intermediate occupations,648
386,2011,W02000336,2011 super output areas - middle layer,297,4. Small employers and own account workers,861
387,2011,W02000336,2011 super output areas - middle layer,297,5. Lower supervisory and technical occupations,358
388,2011,W02000336,2011 super output areas - middle layer,297,6. Semi-routine occupations,734
389,2011,W02000336,2011 super output areas - middle layer,297,7. Routine occupations,441
390,2011,W02000336,2011 super output areas - middle layer,297,8. Never worked and long-term unemployed,220
391,2011,W02000336,2011 super output areas - middle layer,297,L14.1 Never worked,153
392,2011,W02000336,2011 super output areas - middle layer,297,L14.2 Long-term unemployed,67
393,2011,W02000336,2011 super output areas - middle layer,297,L15 Full-time students,307
394,2011,W02000337,2011 super output areas - middle layer,297,All categories: NS-SeC,5350
395,2011,W02000337,2011 super output areas - middle layer,297,"1. Higher managerial, administrative and professional occupations",384
396,2011,W02000337,2011 super output areas - middle layer,297,1.1 Large employers and higher managerial and administrative occupations,93
397,2011,W02000337,2011 super output areas - middle layer,297,1.2 Higher professional occupations,291
398,2011,W02000337,2011 super output areas - middle layer,297,"2. Lower managerial, administrative and professional occupations",1082
399,2011,W02000337,2011 super output areas - middle layer,297,3. Intermediate occupations,556
400,2011,W02000337,2011 super output areas - middle layer,297,4. Small employers and own account workers,448
401,2011,W02000337,2011 super output areas - middle layer,297,5. Lower supervisory and technical occupations,416
402,2011,W02000337,2011 super output areas - middle layer,297,6. Semi-routine occupations,1038
403,2011,W02000337,2011 super output areas - middle layer,297,7. Routine occupations,797
404,2011,W02000337,2011 super output areas - middle layer,297,8. Never worked and long-term unemployed,305
405,2011,W02000337,2011 super output areas - middle layer,297,L14.1 Never worked,217
406,2011,W02000337,2011 super output areas - middle layer,297,L14.2 Long-term unemployed,88
407,2011,W02000337,2011 super output areas - middle layer,297,L15 Full-time students,324
408,2011,W02000338,2011 super output areas - middle layer,297,All categories: NS-SeC,5508
409,2011,W02000338,2011 super output areas - middle layer,297,"1. Higher managerial, administrative and professional occupations",680
410,2011,W02000338,2011 super output areas - middle layer,297,1.1 Large employers and higher managerial and administrative occupations,171
411,2011,W02000338,2011 super output areas - middle layer,297,1.2 Higher professional occupations,509
412,2011,W02000338,2011 super output areas - middle layer,297,"2. Lower managerial, administrative and professional occupations",1456
413,2011,W02000338,2011 super output areas - middle layer,297,3. Intermediate occupations,662
414,2011,W02000338,2011 super output areas - middle layer,297,4. Small employers and own account workers,588
415,2011,W02000338,2011 super output areas - middle layer,297,5. Lower supervisory and technical occupations,357
416,2011,W02000338,2011 super output areas - middle layer,297,6. Semi-routine occupations,706
417,2011,W02000338,2011 super output areas - middle layer,297,7. Routine occupations,484
418,2011,W02000338,2011 super output areas - middle layer,297,8. Never worked and long-term unemployed,256
419,2011,W02000338,2011 super output areas - middle layer,297,L14.1 Never worked,170
420,2011,W02000338,2011 super output areas - middle layer,297,L14.2 Long-term unemployed,86
421,2011,W02000338,2011 super output areas - middle layer,297,L15 Full-time students,319
422,2011,W02000339,2011 super output areas - middle layer,297,All categories: NS-SeC,7277
423,2011,W02000339,2011 super output areas - middle layer,297,"1. Higher managerial, administrative and professional occupations",844
424,2011,W02000339,2011 super output areas - middle layer,297,1.1 Large employers and higher managerial and administrative occupations,232
425,2011,W02000339,2011 super output areas - middle layer,297,1.2 Higher professional occupations,612
426,2011,W02000339,2011 super output areas - middle layer,297,"2. Lower managerial, administrative and professional occupations",1645
427,2011,W02000339,2011 super output areas - middle layer,297,3. Intermediate occupations,660
428,2011,W02000339,2011 super output areas - middle layer,297,4. Small employers and own account workers,803
429,2011,W02000339,2011 super output areas - middle layer,297,5. Lower supervisory and technical occupations,500
430,2011,W02000339,2011 super output areas - middle layer,297,6. Semi-routine occupations,1128
431,2011,W02000339,2011 super output areas - middle layer,297,7. Routine occupations,829
432,2011,W02000339,2011 super output areas - middle layer,297,8. Never worked and long-term unemployed,280
433,2011,W02000339,2011 super output areas - middle layer,297,L14.1 Never worked,181
434,2011,W02000339,2011 super output areas - middle layer,297,L14.2 Long-term unemployed,99
435,2011,W02000339,2011 super output areas - middle layer,297,L15 Full-time students,588
436,2011,W02000340,2011 super output areas - middle layer,297,All categories: NS-SeC,5368
437,2011,W02000340,2011 super output areas - middle layer,297,"1. Higher managerial, administrative and professional occupations",743
438,2011,W02000340,2011 super output areas - middle layer,297,1.1 Large employers and higher managerial and administrative occupations,178
439,2011,W02000340,2011 super output areas - middle layer,297,1.2 Higher professional occupations,565
440,2011,W02000340,2011 super output areas - middle layer,297,"2. Lower managerial, administrative and professional occupations",1339
441,2011,W02000340,2011 super output areas - middle layer,297,3. Intermediate occupations,519
442,2011,W02000340,2011 super output areas - middle layer,297,4. Small employers and own account workers,1176
443,2011,W02000340,2011 super output areas - middle layer,297,5. Lower supervisory and technical occupations,279
444,2011,W02000340,2011 super output areas - middle layer,297,6. Semi-routine occupations,529
445,2011,W02000340,2011 super output areas - middle layer,297,7. Routine occupations,340
446,2011,W02000340,2011 super output areas - middle layer,297,8. Never worked and long-term unemployed,150
447,2011,W02000340,2011 super output areas - middle layer,297,L14.1 Never worked,108
448,2011,W02000340,2011 super output areas - middle layer,297,L14.2 Long-term unemployed,42
449,2011,W02000340,2011 super output areas - middle layer,297,L15 Full-time students,293
450,2011,W02000341,2011 super output areas - middle layer,297,All categories: NS-SeC,6210
451,2011,W02000341,2011 super output areas - middle layer,297,"1. Higher managerial, administrative and professional occupations",995
452,2011,W02000341,2011 super output areas - middle layer,297,1.1 Large employers and higher managerial and administrative occupations,250
453,2011,W02000341,2011 super output areas - middle layer,297,1.2 Higher professional occupations,745
454,2011,W02000341,2011 super output areas - middle layer,297,"2. Lower managerial, administrative and professional occupations",1534
455,2011,W02000341,2011 super output areas - middle layer,297,3. Intermediate occupations,725
456,2011,W02000341,2011 super output areas - middle layer,297,4. Small employers and own account workers,910
457,2011,W02000341,2011 super output areas - middle layer,297,5. Lower supervisory and technical occupations,349
458,2011,W02000341,2011 super output areas - middle layer,297,6. Semi-routine occupations,584
459,2011,W02000341,2011 super output areas - middle layer,297,7. Routine occupations,478
460,2011,W02000341,2011 super output areas - middle layer,297,8. Never worked and long-term unemployed,204
461,2011,W02000341,2011 super output areas - middle layer,297,L14.1 Never worked,147
462,2011,W02000341,2011 super output areas - middle layer,297,L14.2 Long-term unemployed,57
463,2011,W02000341,2011 super output areas - middle layer,297,L15 Full-time students,431
464,2011,W02000342,2011 super output areas - middle layer,297,All categories: NS-SeC,6942
465,2011,W02000342,2011 super output areas - middle layer,297,"1. Higher managerial, administrative and professional occupations",1443
466,2011,W02000342,2011 super output areas - middle layer,297,1.1 Large employers and higher managerial and administrative occupations,308
467,2011,W02000342,2011 super output areas - middle layer,297,1.2 Higher professional occupations,1135
468,2011,W02000342,2011 super output areas - middle layer,297,"2. Lower managerial, administrative and professional occupations",1991
469,2011,W02000342,2011 super output areas - middle layer,297,3. Intermediate occupations,741
470,2011,W02000342,2011 super output areas - middle layer,297,4. Small employers and own account workers,903
471,2011,W02000342,2011 super output areas - middle layer,297,5. Lower supervisory and technical occupations,307
472,2011,W02000342,2011 super output areas - middle layer,297,6. Semi-routine occupations,600
473,2011,W02000342,2011 super output areas - middle layer,297,7. Routine occupations,379
474,2011,W02000342,2011 super output areas - middle layer,297,8. Never worked and long-term unemployed,150
475,2011,W02000342,2011 super output areas - middle layer,297,L14.1 Never worked,100
476,2011,W02000342,2011 super output areas - middle layer,297,L14.2 Long-term unemployed,50
477,2011,W02000342,2011 super output areas - middle layer,297,L15 Full-time students,428
478,2011,W02000343,2011 super output areas - middle layer,297,All categories: NS-SeC,6150
479,2011,W02000343,2011 super output areas - middle layer,297,"1. Higher managerial, administrative and professional occupations",489
480,2011,W02000343,2011 super output areas - middle layer,297,1.1 Large employers and higher managerial and administrative occupations,120
481,2011,W02000343,2011 super output areas - middle layer,297,1.2 Higher professional occupations,369
482,2011,W02000343,2011 super output areas - middle layer,297,"2. Lower managerial, administrative and professional occupations",1197
483,2011,W02000343,2011 super output areas - middle layer,297,3. Intermediate occupations,680
484,2011,W02000343,2011 super output areas - middle layer,297,4. Small employers and own account workers,483
485,2011,W02000343,2011 super output areas - middle layer,297,5. Lower supervisory and technical occupations,543
486,2011,W02000343,2011 super output areas - middle layer,297,6. Semi-routine occupations,1044
487,2011,W02000343,2011 super output areas - middle layer,297,7. Routine occupations,1076
488,2011,W02000343,2011 super output areas - middle layer,297,8. Never worked and long-term unemployed,264
489,2011,W02000343,2011 super output areas - middle layer,297,L14.1 Never worked,151
490,2011,W02000343,2011 super output areas - middle layer,297,L14.2 Long-term unemployed,113
491,2011,W02000343,2011 super output areas - middle layer,297,L15 Full-time students,374
492,2011,W02000344,2011 super output areas - middle layer,297,All categories: NS-SeC,5677
493,2011,W02000344,2011 super output areas - middle layer,297,"1. Higher managerial, administrative and professional occupations",918
494,2011,W02000344,2011 super output areas - middle layer,297,1.1 Large employers and higher managerial and administrative occupations,230
495,2011,W02000344,2011 super output areas - middle layer,297,1.2 Higher professional occupations,688
496,2011,W02000344,2011 super output areas - middle layer,297,"2. Lower managerial, administrative and professional occupations",1463
497,2011,W02000344,2011 super output areas - middle layer,297,3. Intermediate occupations,698
498,2011,W02000344,2011 super output areas - middle layer,297,4. Small employers and own account workers,632
499,2011,W02000344,2011 super output areas - middle layer,297,5. Lower supervisory and technical occupations,394
500,2011,W02000344,2011 super output areas - middle layer,297,6. Semi-routine occupations,582
501,2011,W02000344,2011 super output areas - middle layer,297,7. Routine occupations,479
502,2011,W02000344,2011 super output areas - middle layer,297,8. Never worked and long-term unemployed,114
503,2011,W02000344,2011 super output areas - middle layer,297,L14.1 Never worked,71
504,2011,W02000344,2011 super output areas - middle layer,297,L14.2 Long-term unemployed,43
505,2011,W02000344,2011 super output areas - middle layer,297,L15 Full-time students,397
506,2011,W02000345,2011 super output areas - middle layer,297,All categories: NS-SeC,5944
507,2011,W02000345,2011 super output areas - middle layer,297,"1. Higher managerial, administrative and professional occupations",372
508,2011,W02000345,2011 super output areas - middle layer,297,1.1 Large employers and higher managerial and administrative occupations,125
509,2011,W02000345,2011 super output areas - middle layer,297,1.2 Higher professional occupations,247
510,2011,W02000345,2011 super output areas - middle layer,297,"2. Lower managerial, administrative and professional occupations",920
511,2011,W02000345,2011 super output areas - middle layer,297,3. Intermediate occupations,781
512,2011,W02000345,2011 super output areas - middle layer,297,4. Small employers and own account workers,412
513,2011,W02000345,2011 super output areas - middle layer,297,5. Lower supervisory and technical occupations,662
514,2011,W02000345,2011 super output areas - middle layer,297,6. Semi-routine occupations,1041
515,2011,W02000345,2011 super output areas - middle layer,297,7. Routine occupations,1129
516,2011,W02000345,2011 super output areas - middle layer,297,8. Never worked and long-term unemployed,288
517,2011,W02000345,2011 super output areas - middle layer,297,L14.1 Never worked,164
518,2011,W02000345,2011 super output areas - middle layer,297,L14.2 Long-term unemployed,124
519,2011,W02000345,2011 super output areas - middle layer,297,L15 Full-time students,339
520,2011,W02000346,2011 super output areas - middle layer,297,All categories: NS-SeC,5791
521,2011,W02000346,2011 super output areas - middle layer,297,"1. Higher managerial, administrative and professional occupations",796
522,2011,W02000346,2011 super output areas - middle layer,297,1.1 Large employers and higher managerial and administrative occupations,220
523,2011,W02000346,2011 super output areas - middle layer,297,1.2 Higher professional occupations,576
524,2011,W02000346,2011 super output areas - middle layer,297,"2. Lower managerial, administrative and professional occupations",1546
525,2011,W02000346,2011 super output areas - middle layer,297,3. Intermediate occupations,858
526,2011,W02000346,2011 super output areas - middle layer,297,4. Small employers and own account workers,456
527,2011,W02000346,2011 super output areas - middle layer,297,5. Lower supervisory and technical occupations,407
528,2011,W02000346,2011 super output areas - middle layer,297,6. Semi-routine occupations,624
529,2011,W02000346,2011 super output areas - middle layer,297,7. Routine occupations,556
530,2011,W02000346,2011 super output areas - middle layer,297,8. Never worked and long-term unemployed,136
531,2011,W02000346,2011 super output areas - middle layer,297,L14.1 Never worked,84
532,2011,W02000346,2011 super output areas - middle layer,297,L14.2 Long-term unemployed,52
533,2011,W02000346,2011 super output areas - middle layer,297,L15 Full-time students,412
534,2011,W02000347,2011 super output areas - middle layer,297,All categories: NS-SeC,5929
535,2011,W02000347,2011 super output areas - middle layer,297,"1. Higher managerial, administrative and professional occupations",793
536,2011,W02000347,2011 super output areas - middle layer,297,1.1 Large employers and higher managerial and administrative occupations,200
537,2011,W02000347,2011 super output areas - middle layer,297,1.2 Higher professional occupations,593
538,2011,W02000347,2011 super output areas - middle layer,297,"2. Lower managerial, administrative and professional occupations",1610
539,2011,W02000347,2011 super output areas - middle layer,297,3. Intermediate occupations,843
540,2011,W02000347,2011 super output areas - middle layer,297,4. Small employers and own account workers,492
541,2011,W02000347,2011 super output areas - middle layer,297,5. Lower supervisory and technical occupations,395
542,2011,W02000347,2011 super output areas - middle layer,297,6. Semi-routine occupations,619
543,2011,W02000347,2011 super output areas - middle layer,297,7. Routine occupations,440
544,2011,W02000347,2011 super output areas - middle layer,297,8. Never worked and long-term unemployed,189
545,2011,W02000347,2011 super output areas - middle layer,297,L14.1 Never worked,129
546,2011,W02000347,2011 super output areas - middle layer,297,L14.2 Long-term unemployed,60
547,2011,W02000347,2011 super output areas - middle layer,297,L15 Full-time students,548
548,2011,W02000348,2011 super output areas - middle layer,297,All categories: NS-SeC,5761
549,2011,W02000348,2011 super output areas - middle layer,297,"1. Higher managerial, administrative and professional occupations",398
550,2011,W02000348,2011 super output areas - middle layer,297,1.1 Large employers and higher managerial and administrative occupations,103
551,2011,W02000348,2011 super output areas - middle layer,297,1.2 Higher professional occupations,295
552,2011,W02000348,2011 super output areas - middle layer,297,"2. Lower managerial, administrative and professional occupations",1168
553,2011,W02000348,2011 super output areas - middle layer,297,3. Intermediate occupations,897
554,2011,W02000348,2011 super output areas - middle layer,297,4. Small employers and own account workers,350
555,2011,W02000348,2011 super output areas - middle layer,297,5. Lower supervisory and technical occupations,563
556,2011,W02000348,2011 super output areas - middle layer,297,6. Semi-routine occupations,995
557,2011,W02000348,2011 super output areas - middle layer,297,7. Routine occupations,730
558,2011,W02000348,2011 super output areas - middle layer,297,8. Never worked and long-term unemployed,300
559,2011,W02000348,2011 super output areas - middle layer,297,L14.1 Never worked,191
560,2011,W02000348,2011 super output areas - middle layer,297,L14.2 Long-term unemployed,109
561,2011,W02000348,2011 super output areas - middle layer,297,L15 Full-time students,360
562,2011,W02000349,2011 super output areas - middle layer,297,All categories: NS-SeC,5640
563,2011,W02000349,2011 super output areas - middle layer,297,"1. Higher managerial, administrative and professional occupations",132
564,2011,W02000349,2011 super output areas - middle layer,297,1.1 Large employers and higher managerial and administrative occupations,39
565,2011,W02000349,2011 super output areas - middle layer,297,1.2 Higher professional occupations,93
566,2011,W02000349,2011 super output areas - middle layer,297,"2. Lower managerial, administrative and professional occupations",562
567,2011,W02000349,2011 super output areas - middle layer,297,3. Intermediate occupations,604
568,2011,W02000349,2011 super output areas - middle layer,297,4. Small employers and own account workers,297
569,2011,W02000349,2011 super output areas - middle layer,297,5. Lower supervisory and technical occupations,540
570,2011,W02000349,2011 super output areas - middle layer,297,6. Semi-routine occupations,1328
571,2011,W02000349,2011 super output areas - middle layer,297,7. Routine occupations,1240
572,2011,W02000349,2011 super output areas - middle layer,297,8. Never worked and long-term unemployed,571
573,2011,W02000349,2011 super output areas - middle layer,297,L14.1 Never worked,396
574,2011,W02000349,2011 super output areas - middle layer,297,L14.2 Long-term unemployed,175
575,2011,W02000349,2011 super output areas - middle layer,297,L15 Full-time students,366
576,2011,W02000350,2011 super output areas - middle layer,297,All categories: NS-SeC,5460
577,2011,W02000350,2011 super output areas - middle layer,297,"1. Higher managerial, administrative and professional occupations",742
578,2011,W02000350,2011 super output areas - middle layer,297,1.1 Large employers and higher managerial and administrative occupations,196
579,2011,W02000350,2011 super output areas - middle layer,297,1.2 Higher professional occupations,546
580,2011,W02000350,2011 super output areas - middle layer,297,"2. Lower managerial, administrative and professional occupations",1338
581,2011,W02000350,2011 super output areas - middle layer,297,3. Intermediate occupations,696
582,2011,W02000350,2011 super output areas - middle layer,297,4. Small employers and own account workers,607
583,2011,W02000350,2011 super output areas - middle layer,297,5. Lower supervisory and technical occupations,345
584,2011,W02000350,2011 super output areas - middle layer,297,6. Semi-routine occupations,609
585,2011,W02000350,2011 super output areas - middle layer,297,7. Routine occupations,562
586,2011,W02000350,2011 super output areas - middle layer,297,8. Never worked and long-term unemployed,216
587,2011,W02000350,2011 super output areas - middle layer,297,L14.1 Never worked,159
588,2011,W02000350,2011 super output areas - middle layer,297,L14.2 Long-term unemployed,57
589,2011,W02000350,2011 super output areas - middle layer,297,L15 Full-time students,345
590,2011,W02000351,2011 super output areas - middle layer,297,All categories: NS-SeC,4311
591,2011,W02000351,2011 super output areas - middle layer,297,"1. Higher managerial, administrative and professional occupations",273
592,2011,W02000351,2011 super output areas - middle layer,297,1.1 Large employers and higher managerial and administrative occupations,88
593,2011,W02000351,2011 super output areas - middle layer,297,1.2 Higher professional occupations,185
594,2011,W02000351,2011 super output areas - middle layer,297,"2. Lower managerial, administrative and professional occupations",818
595,2011,W02000351,2011 super output areas - middle layer,297,3. Intermediate occupations,613
596,2011,W02000351,2011 super output areas - middle layer,297,4. Small employers and own account workers,274
597,2011,W02000351,2011 super output areas - middle layer,297,5. Lower supervisory and technical occupations,377
598,2011,W02000351,2011 super output areas - middle layer,297,6. Semi-routine occupations,768
599,2011,W02000351,2011 super output areas - middle layer,297,7. Routine occupations,618
600,2011,W02000351,2011 super output areas - middle layer,297,8. Never worked and long-term unemployed,281
601,2011,W02000351,2011 super output areas - middle layer,297,L14.1 Never worked,184
602,2011,W02000351,2011 super output areas - middle layer,297,L14.2 Long-term unemployed,97
603,2011,W02000351,2011 super output areas - middle layer,297,L15 Full-time students,289
604,2011,W02000352,2011 super output areas - middle layer,297,All categories: NS-SeC,4862
605,2011,W02000352,2011 super output areas - middle layer,297,"1. Higher managerial, administrative and professional occupations",221
606,2011,W02000352,2011 super output areas - middle layer,297,1.1 Large employers and higher managerial and administrative occupations,63
607,2011,W02000352,2011 super output areas - middle layer,297,1.2 Higher professional occupations,158
608,2011,W02000352,2011 super output areas - middle layer,297,"2. Lower managerial, administrative and professional occupations",840
609,2011,W02000352,2011 super output areas - middle layer,297,3. Intermediate occupations,675
610,2011,W02000352,2011 super output areas - middle layer,297,4. Small employers and own account workers,302
611,2011,W02000352,2011 super output areas - middle layer,297,5. Lower supervisory and technical occupations,418
612,2011,W02000352,2011 super output areas - middle layer,297,6. Semi-routine occupations,925
613,2011,W02000352,2011 super output areas - middle layer,297,7. Routine occupations,745
614,2011,W02000352,2011 super output areas - middle layer,297,8. Never worked and long-term unemployed,362
615,2011,W02000352,2011 super output areas - middle layer,297,L14.1 Never worked,232
616,2011,W02000352,2011 super output areas - middle layer,297,L14.2 Long-term unemployed,130
617,2011,W02000352,2011 super output areas - middle layer,297,L15 Full-time students,374
618,2011,W02000353,2011 super output areas - middle layer,297,All categories: NS-SeC,5164
619,2011,W02000353,2011 super output areas - middle layer,297,"1. Higher managerial, administrative and professional occupations",313
620,2011,W02000353,2011 super output areas - middle layer,297,1.1 Large employers and higher managerial and administrative occupations,87
621,2011,W02000353,2011 super output areas - middle layer,297,1.2 Higher professional occupations,226
622,2011,W02000353,2011 super output areas - middle layer,297,"2. Lower managerial, administrative and professional occupations",974
623,2011,W02000353,2011 super output areas - middle layer,297,3. Intermediate occupations,752
624,2011,W02000353,2011 super output areas - middle layer,297,4. Small employers and own account workers,350
625,2011,W02000353,2011 super output areas - middle layer,297,5. Lower supervisory and technical occupations,445
626,2011,W02000353,2011 super output areas - middle layer,297,6. Semi-routine occupations,872
627,2011,W02000353,2011 super output areas - middle layer,297,7. Routine occupations,675
628,2011,W02000353,2011 super output areas - middle layer,297,8. Never worked and long-term unemployed,263
629,2011,W02000353,2011 super output areas - middle layer,297,L14.1 Never worked,168
630,2011,W02000353,2011 super output areas - middle layer,297,L14.2 Long-term unemployed,95
631,2011,W02000353,2011 super output areas - middle layer,297,L15 Full-time students,520
632,2011,W02000354,2011 super output areas - middle layer,297,All categories: NS-SeC,4199
633,2011,W02000354,2011 super output areas - middle layer,297,"1. Higher managerial, administrative and professional occupations",284
634,2011,W02000354,2011 super output areas - middle layer,297,1.1 Large employers and higher managerial and administrative occupations,70
635,2011,W02000354,2011 super output areas - middle layer,297,1.2 Higher professional occupations,214
636,2011,W02000354,2011 super output areas - middle layer,297,"2. Lower managerial, administrative and professional occupations",774
637,2011,W02000354,2011 super output areas - middle layer,297,3. Intermediate occupations,615
638,2011,W02000354,2011 super output areas - middle layer,297,4. Small employers and own account workers,315
639,2011,W02000354,2011 super output areas - middle layer,297,5. Lower supervisory and technical occupations,370
640,2011,W02000354,2011 super output areas - middle layer,297,6. Semi-routine occupations,687
641,2011,W02000354,2011 super output areas - middle layer,297,7. Routine occupations,600
642,2011,W02000354,2011 super output areas - middle layer,297,8. Never worked and long-term unemployed,253
643,2011,W02000354,2011 super output areas - middle layer,297,L14.1 Never worked,179
644,2011,W02000354,2011 super output areas - middle layer,297,L14.2 Long-term unemployed,74
645,2011,W02000354,2011 super output areas - middle layer,297,L15 Full-time students,301
646,2011,W02000355,2011 super output areas - middle layer,297,All categories: NS-SeC,6004
647,2011,W02000355,2011 super output areas - middle layer,297,"1. Higher managerial, administrative and professional occupations",887
648,2011,W02000355,2011 super output areas - middle layer,297,1.1 Large employers and higher managerial and administrative occupations,221
649,2011,W02000355,2011 super output areas - middle layer,297,1.2 Higher professional occupations,666
650,2011,W02000355,2011 super output areas - middle layer,297,"2. Lower managerial, administrative and professional occupations",1692
651,2011,W02000355,2011 super output areas - middle layer,297,3. Intermediate occupations,1008
652,2011,W02000355,2011 super output areas - middle layer,297,4. Small employers and own account workers,425
653,2011,W02000355,2011 super output areas - middle layer,297,5. Lower supervisory and technical occupations,378
654,2011,W02000355,2011 super output areas - middle layer,297,6. Semi-routine occupations,626
655,2011,W02000355,2011 super output areas - middle layer,297,7. Routine occupations,387
656,2011,W02000355,2011 super output areas - middle layer,297,8. Never worked and long-term unemployed,168
657,2011,W02000355,2011 super output areas - middle layer,297,L14.1 Never worked,97
658,2011,W02000355,2011 super output areas - middle layer,297,L14.2 Long-term unemployed,71
659,2011,W02000355,2011 super output areas - middle layer,297,L15 Full-time students,433
660,2011,W02000356,2011 super output areas - middle layer,297,All categories: NS-SeC,3591
661,2011,W02000356,2011 super output areas - middle layer,297,"1. Higher managerial, administrative and professional occupations",81
662,2011,W02000356,2011 super output areas - middle layer,297,1.1 Large employers and higher managerial and administrative occupations,31
663,2011,W02000356,2011 super output areas - middle layer,297,1.2 Higher professional occupations,50
664,2011,W02000356,2011 super output areas - middle layer,297,"2. Lower managerial, administrative and professional occupations",336
665,2011,W02000356,2011 super output areas - middle layer,297,3. Intermediate occupations,329
666,2011,W02000356,2011 super output areas - middle layer,297,4. Small employers and own account workers,152
667,2011,W02000356,2011 super output areas - middle layer,297,5. Lower supervisory and technical occupations,323
668,2011,W02000356,2011 super output areas - middle layer,297,6. Semi-routine occupations,842
669,2011,W02000356,2011 super output areas - middle layer,297,7. Routine occupations,862
670,2011,W02000356,2011 super output areas - middle layer,297,8. Never worked and long-term unemployed,435
671,2011,W02000356,2011 super output areas - middle layer,297,L14.1 Never worked,313
672,2011,W02000356,2011 super output areas - middle layer,297,L14.2 Long-term unemployed,122
673,2011,W02000356,2011 super output areas - middle layer,297,L15 Full-time students,231
674,2011,W02000357,2011 super output areas - middle layer,297,All categories: NS-SeC,5795
675,2011,W02000357,2011 super output areas - middle layer,297,"1. Higher managerial, administrative and professional occupations",286
676,2011,W02000357,2011 super output areas - middle layer,297,1.1 Large employers and higher managerial and administrative occupations,57
677,2011,W02000357,2011 super output areas - middle layer,297,1.2 Higher professional occupations,229
678,2011,W02000357,2011 super output areas - middle layer,297,"2. Lower managerial, administrative and professional occupations",961
679,2011,W02000357,2011 super output areas - middle layer,297,3. Intermediate occupations,773
680,2011,W02000357,2011 super output areas - middle layer,297,4. Small employers and own account workers,414
681,2011,W02000357,2011 super output areas - middle layer,297,5. Lower supervisory and technical occupations,511
682,2011,W02000357,2011 super output areas - middle layer,297,6. Semi-routine occupations,956
683,2011,W02000357,2011 super output areas - middle layer,297,7. Routine occupations,805
684,2011,W02000357,2011 super output areas - middle layer,297,8. Never worked and long-term unemployed,482
685,2011,W02000357,2011 super output areas - middle layer,297,L14.1 Never worked,340
686,2011,W02000357,2011 super output areas - middle layer,297,L14.2 Long-term unemployed,142
687,2011,W02000357,2011 super output areas - middle layer,297,L15 Full-time students,607
688,2011,W02000358,2011 super output areas - middle layer,297,All categories: NS-SeC,4199
689,2011,W02000358,2011 super output areas - middle layer,297,"1. Higher managerial, administrative and professional occupations",739
690,2011,W02000358,2011 super output areas - middle layer,297,1.1 Large employers and higher managerial and administrative occupations,163
691,2011,W02000358,2011 super output areas - middle layer,297,1.2 Higher professional occupations,576
692,2011,W02000358,2011 super output areas - middle layer,297,"2. Lower managerial, administrative and professional occupations",1203
693,2011,W02000358,2011 super output areas - middle layer,297,3. Intermediate occupations,631
694,2011,W02000358,2011 super output areas - middle layer,297,4. Small employers and own account workers,365
695,2011,W02000358,2011 super output areas - middle layer,297,5. Lower supervisory and technical occupations,218
696,2011,W02000358,2011 super output areas - middle layer,297,6. Semi-routine occupations,400
697,2011,W02000358,2011 super output areas - middle layer,297,7. Routine occupations,235
698,2011,W02000358,2011 super output areas - middle layer,297,8. Never worked and long-term unemployed,173
699,2011,W02000358,2011 super output areas - middle layer,297,L14.1 Never worked,114
700,2011,W02000358,2011 super output areas - middle layer,297,L14.2 Long-term unemployed,59
701,2011,W02000358,2011 super output areas - middle layer,297,L15 Full-time students,235
702,2011,W02000359,2011 super output areas - middle layer,297,All categories: NS-SeC,7227
703,2011,W02000359,2011 super output areas - middle layer,297,"1. Higher managerial, administrative and professional occupations",276
704,2011,W02000359,2011 super output areas - middle layer,297,1.1 Large employers and higher managerial and administrative occupations,58
705,2011,W02000359,2011 super output areas - middle layer,297,1.2 Higher professional occupations,218
706,2011,W02000359,2011 super output areas - middle layer,297,"2. Lower managerial, administrative and professional occupations",999
707,2011,W02000359,2011 super output areas - middle layer,297,3. Intermediate occupations,946
708,2011,W02000359,2011 super output areas - middle layer,297,4. Small employers and own account workers,441
709,2011,W02000359,2011 super output areas - middle layer,297,5. Lower supervisory and technical occupations,584
710,2011,W02000359,2011 super output areas - middle layer,297,6. Semi-routine occupations,1270
711,2011,W02000359,2011 super output areas - middle layer,297,7. Routine occupations,1298
712,2011,W02000359,2011 super output areas - middle layer,297,8. Never worked and long-term unemployed,836
713,2011,W02000359,2011 super output areas - middle layer,297,L14.1 Never worked,597
714,2011,W02000359,2011 super output areas - middle layer,297,L14.2 Long-term unemployed,239
715,2011,W02000359,2011 super output areas - middle layer,297,L15 Full-time students,577
716,2011,W02000360,2011 super output areas - middle layer,297,All categories: NS-SeC,4708
717,2011,W02000360,2011 super output areas - middle layer,297,"1. Higher managerial, administrative and professional occupations",427
718,2011,W02000360,2011 super output areas - middle layer,297,1.1 Large employers and higher managerial and administrative occupations,71
719,2011,W02000360,2011 super output areas - middle layer,297,1.2 Higher professional occupations,356
720,2011,W02000360,2011 super output areas - middle layer,297,"2. Lower managerial, administrative and professional occupations",886
721,2011,W02000360,2011 super output areas - middle layer,297,3. Intermediate occupations,555
722,2011,W02000360,2011 super output areas - middle layer,297,4. Small employers and own account workers,329
723,2011,W02000360,2011 super output areas - middle layer,297,5. Lower supervisory and technical occupations,339
724,2011,W02000360,2011 super output areas - middle layer,297,6. Semi-routine occupations,662
725,2011,W02000360,2011 super output areas - middle layer,297,7. Routine occupations,543
726,2011,W02000360,2011 super output areas - middle layer,297,8. Never worked and long-term unemployed,438
727,2011,W02000360,2011 super output areas - middle layer,297,L14.1 Never worked,295
728,2011,W02000360,2011 super output areas - middle layer,297,L14.2 Long-term unemployed,143
729,2011,W02000360,2011 super output areas - middle layer,297,L15 Full-time students,529
730,2011,W02000361,2011 super output areas - middle layer,297,All categories: NS-SeC,7628
731,2011,W02000361,2011 super output areas - middle layer,297,"1. Higher managerial, administrative and professional occupations",274
732,2011,W02000361,2011 super output areas - middle layer,297,1.1 Large employers and higher managerial and administrative occupations,69
733,2011,W02000361,2011 super output areas - middle layer,297,1.2 Higher professional occupations,205
734,2011,W02000361,2011 super output areas - middle layer,297,"2. Lower managerial, administrative and professional occupations",934
735,2011,W02000361,2011 super output areas - middle layer,297,3. Intermediate occupations,872
736,2011,W02000361,2011 super output areas - middle layer,297,4. Small employers and own account workers,434
737,2011,W02000361,2011 super output areas - middle layer,297,5. Lower supervisory and technical occupations,645
738,2011,W02000361,2011 super output areas - middle layer,297,6. Semi-routine occupations,1407
739,2011,W02000361,2011 super output areas - middle layer,297,7. Routine occupations,1271
740,2011,W02000361,2011 super output areas - middle layer,297,8. Never worked and long-term unemployed,676
741,2011,W02000361,2011 super output areas - middle layer,297,L14.1 Never worked,493
742,2011,W02000361,2011 super output areas - middle layer,297,L14.2 Long-term unemployed,183
743,2011,W02000361,2011 super output areas - middle layer,297,L15 Full-time students,1115
744,2011,W02000362,2011 super output areas - middle layer,297,All categories: NS-SeC,4293
745,2011,W02000362,2011 super output areas - middle layer,297,"1. Higher managerial, administrative and professional occupations",552
746,2011,W02000362,2011 super output areas - middle layer,297,1.1 Large employers and higher managerial and administrative occupations,142
747,2011,W02000362,2011 super output areas - middle layer,297,1.2 Higher professional occupations,410
748,2011,W02000362,2011 super output areas - middle layer,297,"2. Lower managerial, administrative and professional occupations",1130
749,2011,W02000362,2011 super output areas - middle layer,297,3. Intermediate occupations,671
750,2011,W02000362,2011 super output areas - middle layer,297,4. Small employers and own account workers,326
751,2011,W02000362,2011 super output areas - middle layer,297,5. Lower supervisory and technical occupations,308
752,2011,W02000362,2011 super output areas - middle layer,297,6. Semi-routine occupations,499
753,2011,W02000362,2011 super output areas - middle layer,297,7. Routine occupations,386
754,2011,W02000362,2011 super output areas - middle layer,297,8. Never worked and long-term unemployed,132
755,2011,W02000362,2011 super output areas - middle layer,297,L14.1 Never worked,76
756,2011,W02000362,2011 super output areas - middle layer,297,L14.2 Long-term unemployed,56
757,2011,W02000362,2011 super output areas - middle layer,297,L15 Full-time students,289
758,2011,W02000363,2011 super output areas - middle layer,297,All categories: NS-SeC,3971
759,2011,W02000363,2011 super output areas - middle layer,297,"1. Higher managerial, administrative and professional occupations",247
760,2011,W02000363,2011 super output areas - middle layer,297,1.1 Large employers and higher managerial and administrative occupations,60
761,2011,W02000363,2011 super output areas - middle layer,297,1.2 Higher professional occupations,187
762,2011,W02000363,2011 super output areas - middle layer,297,"2. Lower managerial, administrative and professional occupations",762
763,2011,W02000363,2011 super output areas - middle layer,297,3. Intermediate occupations,656
764,2011,W02000363,2011 super output areas - middle layer,297,4. Small employers and own account workers,245
765,2011,W02000363,2011 super output areas - middle layer,297,5. Lower supervisory and technical occupations,346
766,2011,W02000363,2011 super output areas - middle layer,297,6. Semi-routine occupations,689
767,2011,W02000363,2011 super output areas - middle layer,297,7. Routine occupations,552
768,2011,W02000363,2011 super output areas - middle layer,297,8. Never worked and long-term unemployed,201
769,2011,W02000363,2011 super output areas - middle layer,297,L14.1 Never worked,131
770,2011,W02000363,2011 super output areas - middle layer,297,L14.2 Long-term unemployed,70
771,2011,W02000363,2011 super output areas - middle layer,297,L15 Full-time students,273
772,2011,W02000364,2011 super output areas - middle layer,297,All categories: NS-SeC,5254
773,2011,W02000364,2011 super output areas - middle layer,297,"1. Higher managerial, administrative and professional occupations",166
774,2011,W02000364,2011 super output areas - middle layer,297,1.1 Large employers and higher managerial and administrative occupations,41
775,2011,W02000364,2011 super output areas - middle layer,297,1.2 Higher professional occupations,125
776,2011,W02000364,2011 super output areas - middle layer,297,"2. Lower managerial, administrative and professional occupations",523
777,2011,W02000364,2011 super output areas - middle layer,297,3. Intermediate occupations,402
778,2011,W02000364,2011 super output areas - middle layer,297,4. Small employers and own account workers,297
779,2011,W02000364,2011 super output areas - middle layer,297,5. Lower supervisory and technical occupations,353
780,2011,W02000364,2011 super output areas - middle layer,297,6. Semi-routine occupations,832
781,2011,W02000364,2011 super output areas - middle layer,297,7. Routine occupations,800
782,2011,W02000364,2011 super output areas - middle layer,297,8. Never worked and long-term unemployed,845
783,2011,W02000364,2011 super output areas - middle layer,297,L14.1 Never worked,670
784,2011,W02000364,2011 super output areas - middle layer,297,L14.2 Long-term unemployed,175
785,2011,W02000364,2011 super output areas - middle layer,297,L15 Full-time students,1036
786,2011,W02000365,2011 super output areas - middle layer,297,All categories: NS-SeC,5154
787,2011,W02000365,2011 super output areas - middle layer,297,"1. Higher managerial, administrative and professional occupations",280
788,2011,W02000365,2011 super output areas - middle layer,297,1.1 Large employers and higher managerial and administrative occupations,61
789,2011,W02000365,2011 super output areas - middle layer,297,1.2 Higher professional occupations,219
790,2011,W02000365,2011 super output areas - middle layer,297,"2. Lower managerial, administrative and professional occupations",857
791,2011,W02000365,2011 super output areas - middle layer,297,3. Intermediate occupations,635
792,2011,W02000365,2011 super output areas - middle layer,297,4. Small employers and own account workers,242
793,2011,W02000365,2011 super output areas - middle layer,297,5. Lower supervisory and technical occupations,430
794,2011,W02000365,2011 super output areas - middle layer,297,6. Semi-routine occupations,1005
795,2011,W02000365,2011 super output areas - middle layer,297,7. Routine occupations,880
796,2011,W02000365,2011 super output areas - middle layer,297,8. Never worked and long-term unemployed,462
797,2011,W02000365,2011 super output areas - middle layer,297,L14.1 Never worked,326
798,2011,W02000365,2011 super output areas - middle layer,297,L14.2 Long-term unemployed,136
799,2011,W02000365,2011 super output areas - middle layer,297,L15 Full-time students,363
800,2011,W02000366,2011 super output areas - middle layer,297,All categories: NS-SeC,5991
801,2011,W02000366,2011 super output areas - middle layer,297,"1. Higher managerial, administrative and professional occupations",985
802,2011,W02000366,2011 super output areas - middle layer,297,1.1 Large employers and higher managerial and administrative occupations,217
803,2011,W02000366,2011 super output areas - middle layer,297,1.2 Higher professional occupations,768
804,2011,W02000366,2011 super output areas - middle layer,297,"2. Lower managerial, administrative and professional occupations",1628
805,2011,W02000366,2011 super output areas - middle layer,297,3. Intermediate occupations,901
806,2011,W02000366,2011 super output areas - middle layer,297,4. Small employers and own account workers,594
807,2011,W02000366,2011 super output areas - middle layer,297,5. Lower supervisory and technical occupations,382
808,2011,W02000366,2011 super output areas - middle layer,297,6. Semi-routine occupations,588
809,2011,W02000366,2011 super output areas - middle layer,297,7. Routine occupations,367
810,2011,W02000366,2011 super output areas - middle layer,297,8. Never worked and long-term unemployed,145
811,2011,W02000366,2011 super output areas - middle layer,297,L14.1 Never worked,89
812,2011,W02000366,2011 super output areas - middle layer,297,L14.2 Long-term unemployed,56
813,2011,W02000366,2011 super output areas - middle layer,297,L15 Full-time students,401
